date,value
2007-01-06,30.0
2007-01-13,-53.85
2007-01-20,5.0
2007-01-27,0.0
2007-02-03,12.5
2007-02-10,-21.05
2007-02-17,-6.67
2007-02-24,-22.22
2007-03-03,-35.71
2007-03-10,0.0
2007-03-17,-11.11
2007-03-24,-10.53
2007-03-31,13.33
2007-04-07,30.77
2007-04-14,-13.33
2007-04-21,0.0
2007-04-28,-14.29
2007-05-05,-6.25
2007-05-12,0.0
2007-05-19,-12.5
2007-05-26,18.18
2007-06-02,15.38
2007-06-09,25.0
2007-06-16,-28.57
2007-06-23,-21.43
2007-06-30,16.67
2007-07-07,-7.69
2007-07-14,14.29
2007-07-21,-7.69
2007-07-28,0.0
2007-08-04,20.0
2007-08-11,-15.38
2007-08-18,18.18
2007-08-25,-16.67
2007-09-01,30.0
2007-09-08,0.0
2007-09-15,-11.11
2007-09-22,9.09
2007-09-29,18.18
2007-10-06,-15.38
2007-10-13,10.0
2007-10-20,0.0
2007-10-27,-18.18
2007-11-03,9.09
2007-11-10,-9.09
2007-11-17,25.0
2007-11-24,-25.0
2007-12-01,-11.11
2007-12-08,11.11
2007-12-15,0.0
2007-12-22,-26.67
2007-12-29,-13.33
2008-01-05,-38.46
2008-01-12,133.33
2008-01-19,-23.81
2008-01-26,-6.25
2008-02-02,-16.67
2008-02-09,20.0
2008-02-16,0.0
2008-02-23,-21.43
2008-03-01,44.44
2008-03-08,0.0
2008-03-15,-18.75
2008-03-22,-11.76
2008-03-29,-23.53
2008-04-05,-35.29
2008-04-12,23.08
2008-04-19,-21.43
2008-04-26,8.33
2008-05-03,-13.33
2008-05-10,-20.0
2008-05-17,-21.43
2008-05-24,-23.08
2008-05-31,-26.67
2008-06-07,0.0
2008-06-14,20.0
2008-06-21,-18.18
2008-06-28,-35.71
2008-07-05,-25.0
2008-07-12,0.0
2008-07-19,-8.33
2008-07-26,-15.38
2008-08-02,-16.67
2008-08-09,0.0
2008-08-16,-15.38
2008-08-23,-10.0
2008-08-30,-30.77
2008-09-06,-16.67
2008-09-13,0.0
2008-09-20,-16.67
2008-09-27,-23.08
2008-10-04,-27.27
2008-10-11,-18.18
2008-10-18,25.0
2008-10-25,0.0
2008-11-01,-25.0
2008-11-08,20.0
2008-11-15,-10.0
2008-11-22,-11.11
2008-11-29,12.5
2008-12-06,-30.0
2008-12-13,-9.09
2008-12-20,-9.09
2008-12-27,-23.08
2009-01-03,
2009-01-10,12.5
2009-01-17,28.57
2009-01-24,-6.25
2009-01-31,0.0
2009-02-07,6.67
2009-02-14,-27.78
2009-02-21,-21.43
2009-02-28,-9.09
2009-03-07,7.69
2009-03-14,-20.0
2009-03-21,0.0
2009-03-28,-13.33
2009-04-04,0.0
2009-04-11,18.18
2009-04-18,-25.0
2009-04-25,0.0
2009-05-02,-15.38
2009-05-09,-7.69
2009-05-16,-8.33
2009-05-23,-18.18
2009-05-30,10.0
2009-06-06,-18.18
2009-06-13,-10.0
2009-06-20,-33.33
2009-06-27,11.11
2009-07-04,22.22
2009-07-11,11.11
2009-07-18,25.0
2009-07-25,-18.18
2009-08-01,-18.18
2009-08-08,-10.0
2009-08-15,0.0
2009-08-22,0.0
2009-08-29,-11.11
2009-09-05,22.22
2009-09-12,-10.0
2009-09-19,0.0
2009-09-26,-20.0
2009-10-03,-20.0
2009-10-10,0.0
2009-10-17,-11.11
2009-10-24,-20.0
2009-10-31,0.0
2009-11-07,11.11
2009-11-14,-33.33
2009-11-21,0.0
2009-11-28,37.5
2009-12-05,-33.33
2009-12-12,14.29
2009-12-19,-20.0
2009-12-26,0.0
2010-01-02,-30.0
2010-01-09,11.11
2010-01-16,-33.33
2010-01-23,-13.33
2010-01-30,-13.33
2010-02-06,-6.25
2010-02-13,0.0
2010-02-20,-9.09
2010-02-27,10.0
2010-03-06,0.0
2010-03-13,8.33
2010-03-20,-7.69
2010-03-27,-7.69
2010-04-03,0.0
2010-04-10,-7.69
2010-04-17,-16.67
2010-04-24,0.0
2010-05-01,18.18
2010-05-08,0.0
2010-05-15,-18.18
2010-05-22,33.33
2010-05-29,-9.09
2010-06-05,11.11
2010-06-12,0.0
2010-06-19,37.5
2010-06-26,-10.0
2010-07-03,-9.09
2010-07-10,10.0
2010-07-17,-40.0
2010-07-24,-11.11
2010-07-31,0.0
2010-08-07,-11.11
2010-08-14,-9.09
2010-08-21,-18.18
2010-08-28,37.5
2010-09-04,-18.18
2010-09-11,0.0
2010-09-18,0.0
2010-09-25,25.0
2010-10-02,12.5
2010-10-09,25.0
2010-10-16,25.0
2010-10-23,25.0
2010-10-30,22.22
2010-11-06,-10.0
2010-11-13,25.0
2010-11-20,0.0
2010-11-27,-18.18
2010-12-04,50.0
2010-12-11,25.0
2010-12-18,12.5
2010-12-25,-20.0
2011-01-01,0.0
2011-01-08,40.0
2011-01-15,41.67
2011-01-22,23.08
2011-01-29,7.69
2011-02-05,0.0
2011-02-12,7.69
2011-02-19,30.0
2011-02-26,27.27
2011-03-05,-7.14
2011-03-12,15.38
2011-03-19,25.0
2011-03-26,0.0
2011-04-02,0.0
2011-04-09,25.0
2011-04-16,40.0
2011-04-23,0.0
2011-04-30,-15.38
2011-05-07,-33.33
2011-05-14,11.11
2011-05-21,-25.0
2011-05-28,0.0
2011-06-04,0.0
2011-06-11,0.0
2011-06-18,0.0
2011-06-25,11.11
2011-07-02,20.0
2011-07-09,-9.09
2011-07-16,50.0
2011-07-23,12.5
2011-07-30,22.22
2011-08-06,25.0
2011-08-13,-10.0
2011-08-20,11.11
2011-08-27,-9.09
2011-09-03,11.11
2011-09-10,11.11
2011-09-17,-12.5
2011-09-24,-20.0
2011-10-01,0.0
2011-10-08,-30.0
2011-10-15,0.0
2011-10-22,-30.0
2011-10-29,-27.27
2011-11-05,11.11
2011-11-12,0.0
2011-11-19,-22.22
2011-11-26,11.11
2011-12-03,-11.11
2011-12-10,0.0
2011-12-17,0.0
2011-12-24,37.5
2011-12-31,100.0
2012-01-07,-85.71
2012-01-14,-5.88
2012-01-21,-6.25
2012-01-28,7.14
2012-02-04,-26.67
2012-02-11,21.43
2012-02-18,-15.38
2012-02-25,0.0
2012-03-03,-7.69
2012-03-10,-6.67
2012-03-17,-6.67
2012-03-24,25.0
2012-03-31,23.08
2012-04-07,-6.67
2012-04-14,-14.29
2012-04-21,9.09
2012-04-28,-9.09
2012-05-05,37.5
2012-05-12,10.0
2012-05-19,22.22
2012-05-26,0.0
2012-06-02,30.0
2012-06-09,0.0
2012-06-16,0.0
2012-06-23,20.0
2012-06-30,-8.33
2012-07-07,10.0
2012-07-14,0.0
2012-07-21,0.0
2012-07-28,-9.09
2012-08-04,-10.0
2012-08-11,0.0
2012-08-18,-10.0
2012-08-25,-20.0
2012-09-01,10.0
2012-09-08,-20.0
2012-09-15,28.57
2012-09-22,37.5
2012-09-29,11.11
2012-10-06,42.86
2012-10-13,-10.0
2012-10-20,0.0
2012-10-27,0.0
2012-11-03,-10.0
2012-11-10,-10.0
2012-11-17,28.57
2012-11-24,-20.0
2012-12-01,-12.5
2012-12-08,-20.0
2012-12-15,22.22
2012-12-22,-36.36
2012-12-29,42.86
2013-01-05,350.0
2013-01-12,-6.25
2013-01-19,-6.67
2013-01-26,-13.33
2013-02-02,18.18
2013-02-09,-23.53
2013-02-16,18.18
2013-02-23,-28.57
2013-03-02,-8.33
2013-03-09,-14.29
2013-03-16,-14.29
2013-03-23,-20.0
2013-03-30,-18.75
2013-04-06,-21.43
2013-04-13,-8.33
2013-04-20,-16.67
2013-04-27,0.0
2013-05-04,0.0
2013-05-11,-9.09
2013-05-18,0.0
2013-05-25,-20.0
2013-06-01,-23.08
2013-06-08,22.22
2013-06-15,-18.18
2013-06-22,0.0
2013-06-29,18.18
2013-07-06,-45.45
2013-07-13,11.11
2013-07-20,22.22
2013-07-27,10.0
2013-08-03,11.11
2013-08-10,11.11
2013-08-17,0.0
2013-08-24,12.5
2013-08-31,-18.18
2013-09-07,-12.5
2013-09-14,0.0
2013-09-21,-18.18
2013-09-28,-30.0
2013-10-05,20.0
2013-10-12,-22.22
2013-10-19,-14.29
2013-10-26,37.5
2013-11-02,33.33
2013-11-09,11.11
2013-11-16,-11.11
2013-11-23,0.0
2013-11-30,0.0
2013-12-07,-12.5
2013-12-14,0.0
2013-12-21,57.14
2013-12-28,-45.0
2014-01-04,-66.67
2014-01-11,6.67
2014-01-18,14.29
2014-01-25,-7.69
2014-02-01,7.69
2014-02-08,0.0
2014-02-15,-7.69
2014-02-22,20.0
2014-03-01,-9.09
2014-03-08,-16.67
2014-03-15,-8.33
2014-03-22,0.0
2014-03-29,-15.38
2014-04-05,9.09
2014-04-12,-9.09
2014-04-19,0.0
2014-04-26,30.0
2014-05-03,18.18
2014-05-10,10.0
2014-05-17,0.0
2014-05-24,25.0
2014-05-31,-20.0
2014-06-07,-18.18
2014-06-14,11.11
2014-06-21,0.0
2014-06-28,-30.77
2014-07-05,66.67
2014-07-12,-30.0
2014-07-19,9.09
2014-07-26,-9.09
2014-08-02,-10.0
2014-08-09,-10.0
2014-08-16,0.0
2014-08-23,33.33
2014-08-30,11.11
2014-09-06,14.29
2014-09-13,22.22
2014-09-20,0.0
2014-09-27,28.57
2014-10-04,-33.33
2014-10-11,0.0
2014-10-18,33.33
2014-10-25,-27.27
2014-11-01,-25.0
2014-11-08,-10.0
2014-11-15,-12.5
2014-11-22,12.5
2014-11-29,0.0
2014-12-06,0.0
2014-12-13,-9.09
2014-12-20,-9.09
2014-12-27,-27.27
2015-01-03,
2015-01-10,466.67
2015-01-17,-37.5
2015-01-24,-12.5
2015-01-31,16.67
2015-02-07,-21.43
2015-02-14,7.69
2015-02-21,-8.33
2015-02-28,25.0
2015-03-07,0.0
2015-03-14,50.0
2015-03-21,0.0
2015-03-28,0.0
2015-04-04,18.18
2015-04-11,-8.33
2015-04-18,10.0
2015-04-25,30.0
2015-05-02,-15.38
2015-05-09,-7.69
2015-05-16,0.0
2015-05-23,0.0
2015-05-30,-10.0
2015-06-06,50.0
2015-06-13,11.11
2015-06-20,-10.0
2015-06-27,-8.33
2015-07-04,33.33
2015-07-11,-10.0
2015-07-18,42.86
2015-07-25,-8.33
2015-08-01,0.0
2015-08-08,11.11
2015-08-15,0.0
2015-08-22,-11.11
2015-08-29,-8.33
2015-09-05,0.0
2015-09-12,0.0
2015-09-19,0.0
2015-09-26,11.11
2015-10-03,0.0
2015-10-10,37.5
2015-10-17,42.86
2015-10-24,25.0
2015-10-31,12.5
2015-11-07,11.11
2015-11-14,-11.11
2015-11-21,28.57
2015-11-28,-22.22
2015-12-05,28.57
2015-12-12,57.14
2015-12-19,0.0
2015-12-26,20.0
2016-01-02,-50.0
2016-01-09,-5.88
2016-01-16,10.0
2016-01-23,-7.14
2016-01-30,7.14
2016-02-06,-18.18
2016-02-13,-7.14
2016-02-20,9.09
2016-02-27,-6.67
2016-03-05,30.0
2016-03-12,-6.67
2016-03-19,27.27
2016-03-26,16.67
2016-04-02,-7.69
2016-04-09,9.09
2016-04-16,-9.09
2016-04-23,-23.08
2016-04-30,9.09
2016-05-07,-8.33
2016-05-14,9.09
2016-05-21,18.18
2016-05-28,11.11
2016-06-04,-16.67
2016-06-11,10.0
2016-06-18,11.11
2016-06-25,-9.09
2016-07-02,-41.67
2016-07-09,33.33
2016-07-16,-10.0
2016-07-23,-18.18
2016-07-30,0.0
2016-08-06,-10.0
2016-08-13,-11.11
2016-08-20,12.5
2016-08-27,0.0
2016-09-03,10.0
2016-09-10,12.5
2016-09-17,-18.18
2016-09-24,-10.0
2016-10-01,11.11
2016-10-08,-9.09
2016-10-15,0.0
2016-10-22,-10.0
2016-10-29,0.0
2016-11-05,0.0
2016-11-12,25.0
2016-11-19,11.11
2016-11-26,14.29
2016-12-03,0.0
2016-12-10,-18.18
2016-12-17,10.0
2016-12-24,-16.67
2016-12-31,25.0
2017-01-07,-18.75
2017-01-14,45.45
2017-01-21,-23.08
2017-01-28,0.0
2017-02-04,55.56
2017-02-11,-7.69
2017-02-18,16.67
2017-02-25,-21.43
2017-03-04,-7.69
2017-03-11,7.14
2017-03-18,0.0
2017-03-25,-21.43
2017-04-01,8.33
2017-04-08,0.0
2017-04-15,0.0
2017-04-22,10.0
2017-04-29,-16.67
2017-05-06,0.0
2017-05-13,0.0
2017-05-20,-15.38
2017-05-27,10.0
2017-06-03,0.0
2017-06-10,0.0
2017-06-17,0.0
2017-06-24,10.0
2017-07-01,42.86
2017-07-08,-33.33
2017-07-15,0.0
2017-07-22,22.22
2017-07-29,20.0
2017-08-05,11.11
2017-08-12,25.0
2017-08-19,44.44
2017-08-26,0.0
2017-09-02,-9.09
2017-09-09,-11.11
2017-09-16,11.11
2017-09-23,11.11
2017-09-30,0.0
2017-10-07,0.0
2017-10-14,0.0
2017-10-21,11.11
2017-10-28,-11.11
2017-11-04,0.0
2017-11-11,0.0
2017-11-18,-20.0
2017-11-25,0.0
2017-12-02,0.0
2017-12-09,11.11
2017-12-16,9.09
2017-12-23,30.0
2017-12-30,-40.0
2018-01-06,30.77
2018-01-13,0.0
2018-01-20,10.0
2018-01-27,-20.0
2018-02-03,14.29
2018-02-10,0.0
2018-02-17,-28.57
2018-02-24,9.09
2018-03-03,16.67
2018-03-10,-13.33
2018-03-17,-7.14
2018-03-24,18.18
2018-03-31,7.69
2018-04-07,8.33
2018-04-14,30.0
2018-04-21,-9.09
2018-04-28,20.0
2018-05-05,-9.09
2018-05-12,0.0
2018-05-19,18.18
2018-05-26,9.09
2018-06-02,-20.0
2018-06-09,9.09
2018-06-16,20.0
2018-06-23,9.09
2018-06-30,30.0
2018-07-07,-12.5
2018-07-14,11.11
2018-07-21,0.0
2018-07-28,-16.67
2018-08-04,20.0
2018-08-11,-10.0
2018-08-18,-38.46
2018-08-25,-18.18
2018-09-01,0.0
2018-09-08,12.5
2018-09-15,0.0
2018-09-22,20.0
2018-09-29,-20.0
2018-10-06,0.0
2018-10-13,10.0
2018-10-20,10.0
2018-10-27,0.0
2018-11-03,-20.0
2018-11-10,-20.0
2018-11-17,0.0
2018-11-24,12.5
2018-12-01,-11.11
2018-12-08,-20.0
2018-12-15,-8.33
2018-12-22,-23.08
2018-12-29,100.0
2019-01-05,-23.53
2019-01-12,-12.5
2019-01-19,9.09
2019-01-26,8.33
2019-02-02,0.0
2019-02-09,8.33
2019-02-16,30.0
2019-02-23,-8.33
2019-03-02,-7.14
2019-03-09,-23.08
2019-03-16,0.0
2019-03-23,-23.08
2019-03-30,-21.43
2019-04-06,-7.69
2019-04-13,-23.08
2019-04-20,20.0
2019-04-27,0.0
2019-05-04,10.0
2019-05-11,-8.33
2019-05-18,-15.38
2019-05-25,8.33
2019-06-01,25.0
2019-06-08,-8.33
2019-06-15,-8.33
2019-06-22,-16.67
2019-06-29,-15.38
2019-07-06,42.86
2019-07-13,20.0
2019-07-20,-18.18
2019-07-27,10.0
2019-08-03,16.67
2019-08-10,0.0
2019-08-17,12.5
2019-08-24,22.22
2019-08-31,10.0
2019-09-07,11.11
2019-09-14,20.0
2019-09-21,-8.33
2019-09-28,25.0
2019-10-05,-10.0
2019-10-12,-27.27
2019-10-19,-27.27
2019-10-26,25.0
2019-11-02,12.5
2019-11-09,25.0
2019-11-16,-12.5
2019-11-23,0.0
2019-11-30,12.5
2019-12-07,0.0
2019-12-14,-9.09
2019-12-21,10.0
2019-12-28,33.33
2020-01-04,-46.15
2020-01-11,21.43
2020-01-18,8.33
2020-01-25,-15.38
2020-02-01,-6.25
2020-02-08,-15.38
2020-02-15,-30.77
2020-02-22,18.18
2020-02-29,0.0
2020-03-07,20.0
2020-03-14,7.69
2020-03-21,10.0
2020-03-28,-18.18
2020-04-04,-16.67
2020-04-11,-20.0
2020-04-18,-25.0
2020-04-25,-8.33
2020-05-02,-18.18
2020-05-09,-9.09
2020-05-16,-18.18
2020-05-23,-30.77
2020-05-30,-20.0
2020-06-06,-18.18
2020-06-13,0.0
2020-06-20,10.0
2020-06-27,0.0
2020-07-04,40.0
2020-07-11,0.0
2020-07-18,66.67
2020-07-25,27.27
2020-08-01,-14.29
2020-08-08,22.22
2020-08-15,33.33
2020-08-22,18.18
2020-08-29,9.09
2020-09-05,40.0
2020-09-12,-25.0
2020-09-19,9.09
2020-09-26,30.0
2020-10-03,33.33
2020-10-10,50.0
2020-10-17,12.5
2020-10-24,40.0
2020-10-31,22.22
2020-11-07,-10.0
2020-11-14,28.57
2020-11-21,11.11
2020-11-28,-11.11
2020-12-05,25.0
2020-12-12,20.0
2020-12-19,18.18
2020-12-26,
2021-01-02,12.5
2021-01-09,142.86
2021-01-16,23.53
2021-01-23,30.77
2021-01-30,27.27
2021-02-06,0.0
2021-02-13,18.18
2021-02-20,22.22
2021-02-27,7.69
2021-03-06,-7.69
2021-03-13,8.33
2021-03-20,28.57
2021-03-27,27.27
2021-04-03,55.56
2021-04-10,50.0
2021-04-17,87.5
2021-04-24,77.78
2021-05-01,45.45
2021-05-08,44.44
2021-05-15,40.0
2021-05-22,66.67
2021-05-29,77.78
2021-06-05,75.0
2021-06-12,55.56
2021-06-19,9.09
2021-06-26,18.18
2021-07-03,45.45
2021-07-10,-42.86
2021-07-17,0.0
2021-07-24,-40.0
2021-07-31,-28.57
2021-08-07,-25.0
2021-08-14,0.0
2021-08-21,8.33
2021-08-28,-7.69
2021-09-04,8.33
2021-09-11,-42.86
2021-09-18,44.44
2021-09-25,0.0
2021-10-02,-15.38
2021-10-09,-8.33
2021-10-16,-8.33
2021-10-23,-11.11
2021-10-30,7.14
2021-11-06,-9.09
2021-11-13,11.11
2021-11-20,66.67
2021-11-27,0.0
2021-12-04,50.0
2021-12-11,30.0
2021-12-18,8.33
2021-12-25,-23.08
2022-01-01,-11.11
2022-01-08,5.88
2022-01-15,-33.33
2022-01-22,-23.53
2022-01-29,14.29
2022-02-05,0.0
2022-02-12,-15.38
2022-02-19,9.09
2022-02-26,-7.14
2022-03-05,25.0
2022-03-12,23.08
2022-03-19,-16.67
2022-03-26,0.0
2022-04-02,14.29
2022-04-09,-6.67
2022-04-16,-20.0
2022-04-23,6.25
2022-04-30,6.25
2022-05-07,23.08
2022-05-14,14.29
2022-05-21,-20.0
2022-05-28,-25.0
2022-06-04,-21.43
2022-06-11,0.0
2022-06-18,25.0
2022-06-25,0.0
2022-07-02,0.0
2022-07-09,37.5
2022-07-16,25.0
2022-07-23,77.78
2022-07-30,40.0
2022-08-06,44.44
2022-08-13,18.18
2022-08-20,15.38
2022-08-27,0.0
2022-09-03,-7.69
2022-09-10,25.0
2022-09-17,7.69
2022-09-24,8.33
2022-10-01,9.09
2022-10-08,9.09
2022-10-15,18.18
2022-10-22,75.0
2022-10-29,-13.33
2022-11-05,20.0
2022-11-12,30.0
2022-11-19,-20.0
2022-11-26,-10.0
2022-12-03,-8.33
2022-12-10,0.0
2022-12-17,-7.69
2022-12-24,20.0
2022-12-31,-37.5
2023-01-07,-27.78
2023-01-14,50.0
2023-01-21,15.38
2023-01-28,6.25
2023-02-04,-6.67
2023-02-11,36.36
2023-02-18,58.33
2023-02-25,7.69
2023-03-04,0.0
2023-03-11,12.5
2023-03-18,20.0
2023-03-25,0.0
2023-04-01,-6.25
2023-04-08,0.0
2023-04-15,41.67
2023-04-22,-11.76
2023-04-29,-5.88
2023-05-06,-18.75
2023-05-13,-18.75
2023-05-20,33.33
2023-05-27,0.0
2023-06-03,0.0
2023-06-10,7.14
2023-06-17,-6.67
2023-06-24,7.69
2023-07-01,-12.5
2023-07-08,-18.18
2023-07-15,-13.33
2023-07-22,-6.25
2023-07-29,0.0
2023-08-05,7.69
2023-08-12,23.08
2023-08-19,0.0
2023-08-26,16.67
2023-09-02,16.67
2023-09-09,20.0
2023-09-16,0.0
2023-09-23,23.08
2023-09-30,16.67
2023-10-07,8.33
2023-10-14,-15.38
2023-10-21,-7.14
2023-10-28,-15.38
2023-11-04,25.0
2023-11-11,15.38
2023-11-18,0.0
2023-11-25,11.11
2023-12-02,0.0
2023-12-09,7.69
2023-12-16,16.67
2023-12-23,25.0
2023-12-30,20.0
2024-01-06,15.38
2024-01-13,-14.29
2024-01-20,6.67
2024-01-27,-23.53
2024-02-03,14.29
2024-02-10,6.67
2024-02-17,-26.32
2024-02-24,-7.14
2024-03-02,0.0
2024-03-09,-16.67
2024-03-16,0.0
2024-03-23,14.29
2024-03-30,20.0
2024-04-06,14.29
2024-04-13,-23.53
2024-04-20,0.0
2024-04-27,0.0
2024-05-04,15.38
2024-05-11,23.08
2024-05-18,-18.75
2024-05-25,16.67
2024-06-01,0.0
2024-06-08,6.67
2024-06-15,-21.43
2024-06-22,0.0
2024-06-29,-7.14
2024-07-06,0.0
2024-07-13,-15.38
2024-07-20,-6.67
2024-07-27,-14.29
2024-08-03,-7.14
2024-08-10,-25.0
2024-08-17,-13.33
2024-08-24,-7.14
2024-08-31,-7.14
2024-09-07,0.0
2024-09-14,7.14
2024-09-21,0.0
2024-09-28,-14.29
2024-10-05,0.0
2024-10-12,27.27
2024-10-19,-7.69
2024-10-26,9.09
2024-11-02,-20.0
2024-11-09,-40.0
2024-11-16,-8.33
2024-11-23,10.0
2024-11-30,-9.09
2024-12-07,-14.29
2024-12-14,-7.14
2024-12-21,-26.67
2024-12-28,16.67
2025-01-04,-86.67
2025-01-11,5.56
2025-01-18,18.75
2025-01-25,30.77
2025-02-01,0.0
2025-02-08,12.5
2025-02-15,-7.14
2025-02-22,-15.38
2025-03-01,-13.33
2025-03-08,-6.67
2025-03-15,-16.67
2025-03-22,-18.75
2025-03-29,-11.11
2025-04-05,6.25
2025-04-12,7.69
2025-04-19,6.67
2025-04-26,-12.5
2025-05-03,0.0
2025-05-10,-6.25
2025-05-17,7.69
2025-05-24,7.14
2025-05-31,18.18
2025-06-07,-31.25
2025-06-14,36.36
2025-06-21,-21.43
2025-06-28,15.38
2025-07-05,44.44
2025-07-12,0.0
2025-07-19,-7.14
2025-07-26,8.33
2025-08-02,-23.08
2025-08-09,-25.0
2025-08-16,30.77
2025-08-23,-15.38
2025-08-30,7.69
2025-09-06,8.33
2025-09-13,-20.0
2025-09-20,-25.0
2025-09-27,8.33
2025-10-04,0.0
2025-10-11,-7.14
2025-10-18,0.0
2025-10-25,8.33
2025-11-01,0.0
2025-11-08,33.33
2025-11-15,18.18
2025-11-22,0.0
2025-11-29,10.0
2025-12-06,-8.33
2025-12-13,-7.69
2025-12-20,9.09
2025-12-27,85.71
2026-01-03,
2026-01-10,700.0
2026-01-17,-5.26
2026-01-24,-31.58
2026-01-31,-11.76
2026-02-07,0.0
2026-02-14,-16.67
2026-02-21,7.69
2026-02-28,45.45
2026-03-07,23.08
2026-03-14,0.0
2026-03-21,0.0
2026-03-28,23.08
2026-04-04,6.25
2026-04-11,-5.88
2026-04-18,14.29
2026-04-25,-18.75
2026-05-02,0.0
2026-05-09,-6.67
2026-05-16,-6.67
2026-05-23,14.29
2026-05-30,-26.67
2026-06-06,7.69
2026-06-13,36.36
2026-06-20,0.0
2026-06-27,54.55
2026-07-04,6.67
2026-07-11,-23.08
2026-07-18,27.27
2026-07-25,7.69
2026-08-01,0.0
