vintage_date,last_obs,fall12,last_value
1927-01-26,1926-12,0.0734274686,105.0000000000
1927-02-28,1927-01,0.0639487246,106.0000000000
1927-03-28,1927-02,0.0452565916,108.0000000000
1927-04-28,1927-03,0.0088889474,112.0000000000
1927-05-27,1927-04,0.0360399365,109.0000000000
1927-06-27,1927-05,0.0178576174,111.0000000000
1927-07-28,1927-06,0.0452565916,108.0000000000
1927-08-29,1927-07,0.0734274686,105.0000000000
1927-09-28,1927-08,0.0545589843,107.0000000000
1927-10-28,1927-09,0.0550597772,106.0000000000
1927-11-28,1927-10,0.0748012131,103.0000000000
1927-12-27,1927-11,0.1245627226,98.0000000000
1928-01-27,1927-12,0.1144103512,99.0000000000
1928-02-27,1928-01,0.0460911072,106.0000000000
1928-03-28,1928-02,0.0090498355,110.0000000000
1928-04-28,1928-03,0.0181823191,109.0000000000
1928-05-28,1928-04,0.0181823191,109.0000000000
1928-06-28,1928-05,0.0181823191,109.0000000000
1928-07-28,1928-06,0.0092166551,108.0000000000
1928-08-27,1928-07,0.0000000000,109.0000000000
1928-09-28,1928-08,-0.0271509891,112.0000000000
1928-10-29,1928-09,-0.0264332571,115.0000000000
1928-11-28,1928-10,0.0000000000,114.0000000000
1928-12-28,1928-11,0.0176995771,112.0000000000
1929-01-29,1928-12,0.0176995771,112.0000000000
1929-03-01,1929-01,-0.0259754864,117.0000000000
1929-03-26,1929-02,-0.0085837437,117.0000000000
1929-04-27,1929-03,-0.0085106897,118.0000000000
1929-05-27,1929-04,-0.0330608623,123.0000000000
1929-06-27,1929-05,-0.0081633106,123.0000000000
1929-07-27,1929-06,-0.0240975516,126.0000000000
1929-08-28,1929-07,0.0160003413,124.0000000000
1929-09-26,1929-08,0.0240975516,123.0000000000
1929-10-26,1929-09,0.0404913614,121.0000000000
1929-11-27,1929-10,0.0741079722,117.0000000000
1929-12-23,1929-11,0.1728428128,106.0000000000
1930-01-24,1929-12,0.2411620568,99.0000000000
1930-02-24,1930-01,0.2015529187,103.0000000000
1930-03-24,1930-02,0.1807479923,106.0000000000
1930-04-24,1930-03,0.1997961873,104.0000000000
1930-05-24,1930-04,0.1807479923,106.0000000000
1930-06-25,1930-05,0.1997961873,104.0000000000
1930-07-25,1930-06,0.2290665696,101.0000000000
1930-08-25,1930-07,0.2769867833,94.0000000000
1930-09-25,1930-08,0.3013248489,91.0000000000
1930-10-24,1930-09,0.3042113744,90.0000000000
1930-11-24,1930-10,0.2848371203,88.0000000000
1930-12-26,1930-11,0.2420120356,84.0000000000
1931-01-23,1930-12,0.2661095872,82.0000000000
1931-02-26,1931-01,0.2661095872,82.0000000000
1931-03-25,1931-02,0.2184815382,86.0000000000
1931-04-24,1931-03,0.1954920200,88.0000000000
1931-05-25,1931-04,0.1730191641,90.0000000000
1931-06-26,1931-05,0.1557545294,89.0000000000
1931-07-24,1931-06,0.1625189295,85.0000000000
1931-08-26,1931-07,0.1244541745,83.0000000000
1931-09-26,1931-08,0.1414116540,79.0000000000
1931-10-26,1931-09,0.1801261662,76.0000000000
1931-11-27,1931-10,0.1981769286,73.0000000000
1931-12-24,1931-11,0.2119702507,72.0000000000
1932-01-27,1931-12,0.2259564927,71.0000000000
1932-02-29,1932-01,0.2006706955,72.0000000000
1932-03-28,1932-02,0.2432303099,69.0000000000
1932-04-28,1932-03,0.2726441951,67.0000000000
1932-05-26,1932-04,0.3184537311,64.0000000000
1932-06-24,1932-05,0.3715635564,60.0000000000
1932-07-25,1932-06,0.3413031639,59.0000000000
1932-08-25,1932-07,0.3462762367,58.0000000000
1932-09-24,1932-08,0.2623642645,60.0000000000
1932-10-26,1932-09,0.1410785983,66.0000000000
1932-11-25,1932-10,0.1144103512,66.0000000000
1932-12-24,1932-11,0.1296778233,65.0000000000
1933-01-25,1932-12,0.1144103512,66.0000000000
1933-02-27,1933-01,0.1022788491,65.0000000000
1933-03-28,1933-02,0.0752234212,64.0000000000
1933-04-26,1933-03,0.1103480572,60.0000000000
1933-05-25,1933-04,0.0000000000,67.0000000000
1933-06-24,1933-05,-0.1391128025,77.0000000000
1933-07-26,1933-06,-0.1560042485,90.0000000000
1933-08-24,1933-07,-0.0833816089,100.0000000000
1933-09-25,1933-08,0.0943106795,91.0000000000
1933-10-26,1933-09,0.1743533871,84.0000000000
1933-11-25,1933-10,0.2613647641,77.0000000000
1933-12-24,1933-11,0.3147107448,73.0000000000
1934-01-26,1933-12,0.2876820725,75.0000000000
1934-02-26,1934-01,0.2484613593,78.0000000000
1934-03-27,1934-02,0.2107210313,81.0000000000
1934-04-23,1934-03,0.1625189295,85.0000000000
1934-05-24,1934-04,0.1508228897,86.0000000000
1934-06-25,1934-05,0.1508228897,86.0000000000
1934-07-27,1934-06,0.1643030513,84.0000000000
1934-08-25,1934-07,0.2776317366,75.0000000000
1934-09-28,1934-08,0.2204000654,73.0000000000
1934-10-25,1934-09,0.1916674192,71.0000000000
1934-11-26,1934-10,0.1502822030,74.0000000000
1934-12-26,1934-11,0.1502822030,74.0000000000
1935-01-28,1934-12,0.0000000000,86.0000000000
1935-02-26,1935-01,-0.0565122103,91.0000000000
1935-03-27,1935-02,0.0111733006,89.0000000000
1935-04-27,1935-03,0.0339015517,87.0000000000
1935-05-27,1935-04,0.0454623741,86.0000000000
1935-06-25,1935-05,0.0571584138,85.0000000000
1935-07-26,1935-06,0.0565122103,86.0000000000
1935-08-26,1935-07,0.0565122103,86.0000000000
1935-09-26,1935-08,0.0565122103,86.0000000000
1935-10-27,1935-09,0.0222231368,89.0000000000
1935-11-28,1935-10,-0.0324352758,94.0000000000
1935-12-27,1935-11,-0.0208340869,97.0000000000
1936-01-27,1935-12,-0.0594234205,104.0000000000
1936-02-26,1936-01,0.0594234205,98.0000000000
1936-03-27,1936-02,0.1010961169,94.0000000000
1936-04-25,1936-03,0.1117914060,93.0000000000
1936-05-28,1936-04,0.0392207132,100.0000000000
1936-06-27,1936-05,0.0292703823,101.0000000000
1936-07-25,1936-06,0.0096619109,103.0000000000
1936-08-28,1936-07,-0.0377403280,108.0000000000
1936-09-26,1936-08,0.0093023927,107.0000000000
1936-10-28,1936-09,-0.0092166551,109.0000000000
1936-11-28,1936-10,0.0000000000,109.0000000000
1936-12-25,1936-11,-0.0357180826,114.0000000000
1937-01-28,1936-12,-0.0595920972,121.0000000000
1937-02-28,1937-01,0.0508584172,115.0000000000
1937-03-27,1937-02,0.0422003545,116.0000000000
1937-04-26,1937-03,0.0251059211,118.0000000000
1937-05-27,1937-04,0.0251059211,118.0000000000
1937-06-27,1937-05,0.0251059211,118.0000000000
1937-07-28,1937-06,0.0508584172,115.0000000000
1937-08-27,1937-07,0.0595920972,114.0000000000
1937-09-28,1937-08,0.0336166108,117.0000000000
1937-10-29,1937-09,0.0862603443,111.0000000000
1937-11-25,1937-10,0.1610615574,103.0000000000
1937-12-24,1937-11,0.3071541759,89.0000000000
1938-01-27,1937-12,0.3649737468,84.0000000000
1938-02-26,1938-01,0.3762354698,81.0000000000
1938-03-25,1938-02,0.4012367720,79.0000000000
1938-04-27,1938-03,0.4012367720,79.0000000000
1938-05-25,1938-04,0.4268792026,77.0000000000
1938-06-24,1938-05,0.4399512842,76.0000000000
1938-07-25,1938-06,0.4183685129,77.0000000000
1938-08-25,1938-07,0.3433333270,83.0000000000
1938-09-26,1938-08,0.2848371203,88.0000000000
1938-10-27,1938-09,0.2097205310,90.0000000000
1938-11-26,1938-10,0.0606246218,96.0000000000
1938-12-25,1938-11,-0.0703807968,103.0000000000
1939-01-25,1938-12,-0.0096619109,104.0000000000
1939-02-27,1939-01,0.0292703823,101.0000000000
1939-03-26,1939-02,0.0594234205,98.0000000000
1939-04-26,1939-03,0.0594234205,98.0000000000
1939-05-26,1939-04,0.1226023221,92.0000000000
1939-06-24,1939-05,0.1226023221,92.0000000000
1939-07-24,1939-06,0.0594234205,98.0000000000
1939-08-18,1939-07,0.0194180859,102.0000000000
1939-09-18,1939-08,0.0194180859,102.0000000000
1939-10-20,1939-09,-0.0651393022,111.0000000000
1939-11-18,1939-10,-0.0779615415,120.0000000000
1939-12-19,1939-11,-0.0244910200,124.0000000000
1940-01-18,1939-12,-0.0317486983,128.0000000000
1940-02-19,1940-01,0.0729067708,119.0000000000
1940-03-19,1940-02,0.1606823817,109.0000000000
1940-04-18,1940-03,0.2173012757,103.0000000000
1940-05-17,1940-04,0.2270574506,102.0000000000
1940-06-19,1940-05,0.1885911698,106.0000000000
1940-07-18,1940-06,0.1158318155,114.0000000000
1940-08-19,1940-07,0.0404913614,121.0000000000
1940-09-18,1940-08,0.0322608622,122.0000000000
1940-10-15,1940-09,0.0079681696,125.0000000000
1940-11-18,1940-10,-0.0157483570,128.0000000000
1940-12-19,1940-11,-0.0305367239,133.0000000000
1941-01-17,1940-12,-0.0371790032,137.0000000000
1941-02-17,1941-01,-0.0072202480,139.0000000000
1941-03-19,1941-02,-0.0142859572,141.0000000000
1941-04-19,1941-03,-0.0140847399,143.0000000000
1941-05-19,1941-04,0.0212022077,140.0000000000
1941-06-20,1941-05,-0.0544352066,151.0000000000
1941-07-20,1941-06,-0.0456105113,157.0000000000
1941-08-20,1941-07,-0.0125001628,161.0000000000
1941-09-19,1941-08,0.0000000000,160.0000000000
1941-10-20,1941-09,-0.0124225200,162.0000000000
1941-11-21,1941-10,-0.0184620628,164.0000000000
1941-12-20,1941-11,-0.0182375875,166.0000000000
1942-01-21,1941-12,-0.0119761910,168.0000000000
1942-02-21,1942-01,-0.0236697441,171.0000000000
1942-03-23,1942-02,-0.0116280380,173.0000000000
1942-04-22,1942-03,0.0000000000,172.0000000000
1942-05-23,1942-04,-0.0057971177,173.0000000000
1942-06-19,1942-05,-0.0171924005,176.0000000000
1942-07-24,1942-06,-0.0170944334,177.0000000000
1942-08-24,1942-07,-0.0224728559,180.0000000000
1942-09-21,1942-08,-0.0165293020,183.0000000000
1942-10-24,1942-09,-0.0108696722,185.0000000000
1942-11-23,1942-10,-0.0160861378,188.0000000000
1942-12-22,1942-11,-0.0157483570,192.0000000000
1943-01-23,1942-12,-0.0102565002,196.0000000000
1943-02-25,1943-01,-0.0151136378,200.0000000000
1943-03-26,1943-02,-0.0199011543,203.0000000000
1943-04-22,1943-03,-0.0049382816,203.0000000000
1943-05-22,1943-04,-0.0049382816,203.0000000000
1943-06-23,1943-05,0.0000000000,203.0000000000
1943-07-24,1943-06,0.0099010710,201.0000000000
1943-08-25,1943-07,-0.0098040001,205.0000000000
1943-09-22,1943-08,-0.0083333816,241.0000000000
1943-10-26,1943-09,-0.0041237172,243.0000000000
1943-11-26,1943-10,-0.0040899853,245.0000000000
1943-12-27,1943-11,0.0000000000,247.0000000000
1944-01-26,1943-12,0.0081301261,245.0000000000
1944-02-26,1944-01,0.0204506105,242.0000000000
1944-03-25,1944-02,0.0163268933,243.0000000000
1944-04-26,1944-03,0.0204506105,242.0000000000
1944-05-23,1944-04,0.0329247847,239.0000000000
1944-06-23,1944-05,0.0413281955,237.0000000000
1944-07-26,1944-06,0.0498028225,235.0000000000
1944-08-26,1944-07,0.0583498831,233.0000000000
1944-09-26,1944-08,0.0626509650,232.0000000000
1944-10-27,1944-09,0.0669706261,231.0000000000
1944-11-27,1944-10,0.0713090277,230.0000000000
1944-12-26,1944-11,0.0626509650,232.0000000000
1945-01-25,1944-12,0.0547505148,231.0000000000
1945-02-27,1945-01,0.0418471099,234.0000000000
1945-03-26,1945-02,0.0375827111,235.0000000000
1945-04-25,1945-03,0.0252114193,235.0000000000
1945-05-26,1945-04,0.0340458414,231.0000000000
1945-06-23,1945-05,0.0388817875,227.0000000000
1945-07-26,1945-06,0.0611544232,222.0000000000
1945-08-25,1945-07,0.1119736715,211.0000000000
1945-09-29,1945-08,0.2273898422,188.0000000000
1945-10-26,1945-09,0.3163373282,172.0000000000
1945-11-26,1945-10,0.3700816042,163.0000000000
1945-12-22,1945-11,0.3280333680,170.0000000000
1946-01-26,1945-12,0.3639653772,164.0000000000
1946-02-28,1946-01,0.3949276028,159.0000000000
1946-03-23,1946-02,0.4268792026,154.0000000000
1946-04-23,1946-03,0.3356215347,168.0000000000
1946-05-27,1946-04,0.3382128811,164.0000000000
1946-06-28,1946-05,0.3409265870,160.0000000000
1946-07-26,1946-06,0.2578291093,170.0000000000
1946-08-28,1946-07,0.1938159362,173.0000000000
1946-09-28,1946-08,0.0552626787,176.0000000000
1946-10-28,1946-09,-0.0056338177,178.0000000000
1946-11-29,1946-10,-0.0110498362,182.0000000000
1946-12-21,1946-11,-0.0055096558,182.0000000000
1947-01-29,1946-12,0.0166208812,179.0000000000
1947-02-27,1947-01,-0.0269558100,188.0000000000
1947-03-27,1947-02,0.0000000000,188.0000000000
1947-04-29,1947-03,0.0000000000,189.0000000000
1947-05-28,1947-04,0.0212773984,186.0000000000
1947-06-27,1947-05,0.0212773984,186.0000000000
1947-07-30,1947-06,0.0375379193,183.0000000000
1947-08-27,1947-07,0.0652405219,178.0000000000
1947-09-27,1947-08,0.0430173851,182.0000000000
1947-10-24,1947-09,0.0266682471,185.0000000000
1947-11-26,1947-10,0.0000000000,190.0000000000
1947-12-24,1947-11,-0.0104712999,192.0000000000
1948-01-28,1947-12,0.0052219440,191.0000000000
1948-02-26,1948-01,0.0000000000,192.0000000000
1948-03-25,1948-02,-0.0051679702,194.0000000000
1948-04-24,1948-03,0.0103627870,192.0000000000
1948-05-26,1948-04,0.0367495422,187.0000000000
1948-06-25,1948-05,0.0103627870,192.0000000000
1948-07-24,1948-06,0.0103627870,192.0000000000
1948-08-28,1948-07,0.0367495422,187.0000000000
1948-09-28,1948-08,0.0155847310,191.0000000000
1948-10-23,1948-09,0.0103627870,192.0000000000
1948-11-30,1948-10,-0.0051413995,195.0000000000
1948-12-30,1948-11,0.0051413995,194.0000000000
1949-01-27,1948-12,-0.0102041702,197.0000000000
1949-02-26,1949-01,0.0155041865,192.0000000000
1949-03-25,1949-02,0.0259754864,190.0000000000
1949-04-27,1949-03,0.0526437335,185.0000000000
1949-05-26,1949-04,0.0856137527,179.0000000000
1949-06-28,1949-05,0.1139442593,174.0000000000
1949-07-27,1949-06,0.1431008436,169.0000000000
1949-08-30,1949-07,0.1854032233,162.0000000000
1949-09-30,1949-08,0.1431008436,169.0000000000
1949-10-28,1949-09,0.1313360021,171.0000000000
1949-11-28,1949-10,0.1610117702,166.0000000000
1949-12-30,1949-11,0.1313360021,171.0000000000
1950-01-28,1949-12,0.0813456395,177.0000000000
1950-03-01,1950-01,0.0482667410,182.0000000000
1950-03-30,1950-02,0.0599634648,178.0000000000
1950-04-28,1950-03,0.0000000000,184.0000000000
1950-05-27,1950-04,-0.0053333460,188.0000000000
1950-06-28,1950-05,-0.0209431738,193.0000000000
1950-07-25,1950-06,-0.0205135398,197.0000000000
1950-08-25,1950-07,0.0000000000,199.0000000000
1950-09-28,1950-08,-0.0297051544,205.0000000000
1950-10-27,1950-09,-0.0237540860,213.0000000000
1950-11-30,1950-10,-0.0094787440,212.0000000000
1950-12-30,1950-11,0.0046620131,214.0000000000
1951-01-30,1950-12,0.0046189459,216.0000000000
1951-02-28,1951-01,-0.0091743763,219.0000000000
1951-03-29,1951-02,0.0045766670,218.0000000000
1951-05-01,1951-03,-0.0090090699,223.0000000000
1951-05-29,1951-04,0.0000000000,222.0000000000
1951-06-29,1951-05,-0.0044943896,223.0000000000
1951-07-30,1951-06,0.0000000000,223.0000000000
1951-08-27,1951-07,0.0365337433,215.0000000000
1951-10-01,1951-08,0.0226767087,218.0000000000
1951-10-30,1951-09,0.0135442251,220.0000000000
1951-11-30,1951-10,0.0135442251,220.0000000000
1951-12-28,1951-11,0.0226767087,218.0000000000
1952-01-30,1951-12,0.0226767087,218.0000000000
1952-02-29,1952-01,0.0226767087,218.0000000000
1952-03-31,1952-02,0.0181000416,219.0000000000
1952-04-29,1952-03,0.0044943896,222.0000000000
1952-05-30,1952-04,0.0272744179,217.0000000000
1952-06-27,1952-05,0.0367013669,214.0000000000
1952-07-30,1952-06,0.0944096845,202.0000000000
1952-08-28,1952-07,0.1451820098,192.0000000000
1952-09-30,1952-08,0.0460911072,212.0000000000
1952-10-30,1952-09,-0.0044943896,223.0000000000
1952-12-01,1952-10,-0.0044345971,226.0000000000
1953-01-02,1952-11,-0.0087719861,229.0000000000
1953-02-02,1952-12,-0.0042826618,234.0000000000
1953-02-27,1953-01,-0.0042462909,236.0000000000
1953-03-30,1953-02,-0.0084034108,239.0000000000
1953-04-28,1953-03,-0.0083333816,241.0000000000
1953-05-29,1953-04,0.0000000000,242.0000000000
1953-06-26,1953-05,0.0041237172,242.0000000000
1953-07-30,1953-06,0.0082645098,241.0000000000
1953-08-31,1953-07,0.0463240717,232.0000000000
1953-09-30,1953-08,0.0207907697,238.0000000000
1953-10-30,1953-09,0.0463240717,232.0000000000
1953-12-01,1953-10,0.0371790032,132.0000000000
1953-12-31,1953-11,0.0524464754,130.0000000000
1954-02-01,1953-12,0.0757938394,127.0000000000
1954-02-15,1954-01,0.0916671885,125.0000000000
1954-03-15,1954-02,0.1077965705,123.0000000000
1954-04-15,1954-03,0.1077965705,123.0000000000
1954-05-17,1954-04,0.1077965705,123.0000000000
1954-06-14,1954-05,0.0916671885,125.0000000000
1954-07-15,1954-06,0.0996993602,124.0000000000
1954-08-16,1954-07,0.0996993602,124.0000000000
1954-09-15,1954-08,0.0923733201,124.0000000000
1954-10-14,1954-09,0.0945585826,121.0000000000
1954-11-16,1954-10,0.0544881853,125.0000000000
1954-12-15,1954-11,0.0000000000,129.0000000000
1955-01-14,1954-12,-0.0077220461,130.0000000000
1955-02-15,1955-01,-0.0076628727,131.0000000000
1955-03-15,1955-02,-0.0151518050,133.0000000000
1955-04-14,1955-03,-0.0149256502,135.0000000000
1955-05-16,1955-04,-0.0073801073,136.0000000000
1955-06-15,1955-05,-0.0145987994,138.0000000000
1955-07-14,1955-06,-0.0072202480,139.0000000000
1955-08-15,1955-07,-0.0071684895,140.0000000000
1955-09-15,1955-08,-0.0071684895,140.0000000000
1955-10-14,1955-09,-0.0071174678,141.0000000000
1955-11-16,1955-10,0.0000000000,142.0000000000
1955-12-14,1955-11,-0.0069686693,144.0000000000
1956-01-17,1955-12,0.0000000000,144.0000000000
1956-02-14,1956-01,0.0000000000,144.0000000000
1956-03-15,1956-02,0.0069686693,143.0000000000
1956-04-16,1956-03,0.0139862420,142.0000000000
1956-05-15,1956-04,0.0139862420,142.0000000000
1956-06-15,1956-05,0.0139862420,142.0000000000
1956-07-16,1956-06,0.0210534092,141.0000000000
1956-08-15,1956-07,0.0571584138,136.0000000000
1956-09-14,1956-08,0.0210534092,141.0000000000
1956-10-16,1956-09,0.0000000000,144.0000000000
1956-11-15,1956-10,0.0000000000,145.0000000000
1956-12-14,1956-11,-0.0068259651,147.0000000000
1957-01-15,1956-12,-0.0068259651,147.0000000000
1957-02-15,1957-01,0.0068259651,146.0000000000
1957-03-15,1957-02,0.0068259651,146.0000000000
1957-04-15,1957-03,0.0068259651,146.0000000000
1957-05-15,1957-04,0.0136988444,145.0000000000
1957-06-17,1957-05,0.0275879565,143.0000000000
1957-07-15,1957-06,0.0275879565,143.0000000000
1957-08-15,1957-07,0.0206192872,144.0000000000
1957-09-16,1957-08,0.0206192872,144.0000000000
1957-10-15,1957-09,0.0206192872,144.0000000000
1957-11-15,1957-10,0.0346055292,142.0000000000
1957-12-16,1957-11,0.0559586536,139.0000000000
1958-01-15,1957-12,0.0777777010,136.0000000000
1958-02-14,1958-01,0.0932574935,133.0000000000
1958-03-17,1958-02,0.1160721713,130.0000000000
1958-04-14,1958-03,0.1247034785,128.0000000000
1958-05-15,1958-04,0.1404518355,126.0000000000
1958-06-13,1958-05,0.1325466560,127.0000000000
1958-07-15,1958-06,0.1091992920,130.0000000000
1958-08-15,1958-07,0.0863846142,133.0000000000
1958-09-12,1958-08,0.0567528166,137.0000000000
1958-10-14,1958-09,0.0498323737,137.0000000000
1958-11-14,1958-10,0.0285733724,138.0000000000
1958-12-12,1958-11,-0.0142859572,141.0000000000
1959-01-15,1958-12,-0.0070671672,142.0000000000
1959-02-16,1959-01,-0.0070175727,143.0000000000
1959-03-16,1959-02,-0.0069686693,144.0000000000
1959-04-15,1959-03,-0.0136988444,147.0000000000
1959-05-15,1959-04,-0.0135137192,149.0000000000
1959-06-15,1959-05,-0.0132452268,152.0000000000
1959-07-15,1959-06,-0.0129871955,155.0000000000
1959-08-14,1959-07,0.0129871955,153.0000000000
1959-09-15,1959-08,0.0394788110,149.0000000000
1959-10-15,1959-09,0.0462128432,148.0000000000
1959-11-16,1959-10,0.0462128432,148.0000000000
1959-12-15,1959-11,0.0462128432,148.0000000000
1960-01-15,1959-12,0.0073260401,108.8000000000
1960-02-16,1960-01,-0.0216614968,112.0000000000
1960-03-16,1960-02,0.0090498355,110.0000000000
1960-04-15,1960-03,0.0181823191,109.0000000000
1960-05-16,1960-04,0.0181823191,109.0000000000
1960-06-15,1960-05,0.0090498355,110.0000000000
1960-07-15,1960-06,0.0181823191,109.0000000000
1960-08-16,1960-07,0.0181823191,109.0000000000
1960-09-16,1960-08,0.0181823191,109.0000000000
1960-10-14,1960-09,0.0367013669,107.0000000000
1960-11-16,1960-10,0.0367013669,107.0000000000
1960-12-16,1960-11,0.0555698512,105.0000000000
1961-01-16,1960-12,0.0738308103,103.1000000000
1961-02-16,1961-01,0.0835774761,102.1000000000
1961-03-16,1961-02,0.0736877158,102.0000000000
1961-04-14,1961-03,0.0697738165,102.4000000000
1961-05-12,1961-04,0.0447001789,105.0000000000
1961-06-15,1961-05,0.0146791627,108.2000000000
1961-07-14,1961-06,-0.0045558165,110.0000000000
1961-08-15,1961-07,-0.0179538036,112.4000000000
1961-09-14,1961-08,-0.0062250090,112.8000000000
1961-10-16,1961-09,0.0115814212,111.6000000000
1961-11-16,1961-10,-0.0017699120,113.1000000000
1961-12-15,1961-11,-0.0096874382,114.1000000000
1962-01-16,1961-12,-0.0087184510,115.2000000000
1962-02-15,1962-01,0.0087260589,114.1000000000
1962-03-15,1962-02,0.0008707010,114.8000000000
1962-04-13,1962-03,-0.0086730813,115.8000000000
1962-05-15,1962-04,-0.0120276364,117.1000000000
1962-06-15,1962-05,-0.0051151007,117.6000000000
1962-07-16,1962-06,-0.0025499376,117.8000000000
1962-08-14,1962-07,-0.0067624941,118.7000000000
1962-09-14,1962-08,0.0008428151,118.6000000000
1962-10-16,1962-09,-0.0008421053,118.8000000000
1962-11-16,1962-10,0.0025073143,119.5000000000
1962-12-14,1962-11,0.0033416907,119.5000000000
1963-01-15,1962-12,0.0016708442,119.6000000000
1963-02-14,1963-01,0.0067001926,119.0000000000
1963-03-15,1963-02,0.0058602093,119.1000000000
1963-04-12,1963-03,-0.0049958472,120.4000000000
1963-05-15,1963-04,-0.0148150858,122.4000000000
1963-06-14,1963-05,-0.0105563303,123.8000000000
1963-07-16,1963-06,-0.0080257253,125.1000000000
1963-08-15,1963-07,-0.0071400541,126.5000000000
1963-09-16,1963-08,0.0071400541,125.6000000000
1963-10-15,1963-09,0.0063441926,125.7000000000
1963-11-15,1963-10,-0.0007902015,126.6000000000
1963-12-16,1963-11,-0.0023668650,126.9000000000
1964-01-15,1963-12,-0.0039385636,127.2000000000
1964-02-14,1964-01,-0.0007870917,127.1000000000
1964-03-16,1964-02,-0.0031397200,127.6000000000
1964-04-15,1964-03,-0.0039077814,128.2000000000
1964-05-15,1964-04,-0.0077700469,129.2000000000
1964-06-16,1964-05,-0.0053867002,130.3000000000
1964-07-15,1964-06,-0.0045627456,131.8000000000
1964-08-14,1964-07,-0.0075643326,132.7000000000
1964-09-16,1964-08,-0.0060105365,133.5000000000
1964-10-16,1964-09,-0.0014947686,133.9000000000
1964-11-16,1964-10,0.0173131912,131.7000000000
1964-12-16,1964-11,-0.0066939633,134.9000000000
1965-01-15,1964-12,-0.0161887273,137.0000000000
1965-02-15,1965-01,-0.0050964799,137.7000000000
1965-03-16,1965-02,-0.0050559877,138.8000000000
1965-04-15,1965-03,-0.0086022036,140.1000000000
1965-05-14,1965-04,-0.0021329550,140.8000000000
1965-06-16,1965-05,-0.0035448460,141.3000000000
1965-07-15,1965-06,-0.0035298307,141.9000000000
1965-08-16,1965-07,-0.0083916576,143.6000000000
1965-09-15,1965-08,-0.0013860016,144.4000000000
1965-10-15,1965-09,0.0104494159,142.8000000000
1965-11-16,1965-10,0.0055555698,143.6000000000
1965-12-15,1965-11,-0.0068965791,145.5000000000
1966-01-17,1965-12,-0.0135779411,148.3000000000
1966-02-16,1966-01,-0.0093834469,149.9000000000
1966-03-16,1966-02,-0.0079628822,151.3000000000
1966-04-14,1966-03,-0.0098587719,152.9000000000
1966-05-13,1966-04,-0.0026109675,153.4000000000
1966-06-16,1966-05,-0.0077821404,154.8000000000
1966-07-15,1966-06,-0.0051480165,155.8000000000
1966-08-15,1966-07,-0.0082882209,157.5000000000
1966-09-16,1966-08,-0.0057016309,158.3000000000
1966-10-14,1966-09,0.0006319116,158.2000000000
1966-11-16,1966-10,-0.0025252539,158.6000000000
1966-12-14,1966-11,0.0018933423,158.3000000000
1967-01-17,1966-12,0.0006299213,158.7000000000
1967-02-16,1967-01,0.0063131523,157.9000000000
1967-03-16,1967-02,0.0196894262,155.9000000000
1967-04-14,1967-03,0.0164873741,156.4000000000
1967-05-12,1967-04,0.0196894262,155.9000000000
1967-06-16,1967-05,0.0222584706,155.5000000000
1967-07-14,1967-06,0.0241895945,155.2000000000
1967-08-16,1967-07,0.0171269648,156.3000000000
1967-09-15,1967-08,0.0063091692,158.0000000000
1967-10-16,1967-09,0.0171269648,156.3000000000
1967-11-15,1967-10,0.0209066848,156.2000000000
1967-12-15,1967-11,0.0031397200,159.0000000000
1968-01-17,1967-12,-0.0130802239,161.6000000000
1968-02-15,1968-01,0.0037151746,161.2000000000
1968-03-15,1968-02,0.0043303501,161.3000000000
1968-04-16,1968-03,-0.0006170935,162.1000000000
1968-05-16,1968-04,0.0000000000,162.7000000000
1968-06-14,1968-05,-0.0042852836,163.7000000000
1968-07-16,1968-06,-0.0018264845,164.4000000000
1968-08-15,1968-07,-0.0036363676,165.3000000000
1968-09-16,1968-08,0.0097088141,164.0000000000
1968-10-16,1968-09,0.0133740595,163.4000000000
1968-11-18,1968-10,0.0036297681,165.0000000000
1968-12-17,1968-11,-0.0083983697,167.4000000000
1969-01-14,1968-12,-0.0089206658,168.9000000000
1969-02-14,1969-01,-0.0029559584,169.4000000000
1969-03-17,1969-02,-0.0023626709,169.5000000000
1969-04-16,1969-03,-0.0058823699,170.5000000000
1969-05-16,1969-04,-0.0029197101,171.5000000000
1969-06-16,1969-05,-0.0058038468,172.8000000000
1969-07-16,1969-06,-0.0069244362,173.9000000000
1969-08-15,1969-07,-0.0074477571,175.2000000000
1969-09-16,1969-08,0.0017196909,174.3000000000
1969-10-16,1969-09,0.0045924306,173.8000000000
1969-11-17,1969-10,0.0074734467,173.3000000000
1969-12-15,1969-11,0.0202494625,171.1000000000
1970-01-16,1969-12,0.0214190533,170.9000000000
1970-02-13,1970-01,0.0272876147,169.9000000000
1970-03-16,1970-02,0.0302348612,169.4000000000
1970-04-16,1970-03,0.0255234273,170.2000000000
1970-05-14,1970-04,0.0243490290,170.4000000000
1970-06-12,1970-05,0.0325989285,169.0000000000
1970-07-15,1970-06,0.0349685978,168.6000000000
1970-08-13,1970-07,0.0314161962,169.2000000000
1970-09-14,1970-08,0.0308792376,169.0000000000
1970-10-15,1970-09,0.0464926330,166.0000000000
1970-11-17,1970-10,0.0644229877,162.3000000000
1970-12-15,1970-11,0.0601142503,161.4000000000
1971-01-14,1970-12,0.0429916951,163.9000000000
1971-02-16,1971-01,0.0356968300,165.1000000000
1971-03-15,1971-02,0.0375155634,164.8000000000
1971-04-14,1971-03,0.0350913198,165.2000000000
1971-05-14,1971-04,0.0249864278,166.0000000000
1971-06-14,1971-05,0.0112928392,167.3000000000
1971-07-14,1971-06,0.0077128831,167.9000000000
1971-08-16,1971-07,0.0140517535,106.0000000000
1971-09-15,1971-08,0.0225785697,105.1000000000
1971-10-18,1971-09,0.0178828295,105.3000000000
1971-11-16,1971-10,0.0084309633,106.3000000000
1971-12-15,1971-11,0.0018674142,107.0000000000
1972-01-17,1971-12,-0.0055814098,107.8000000000
1972-02-15,1972-01,-0.0027842245,107.9000000000
1972-03-15,1972-02,-0.0073665158,109.0000000000
1972-04-14,1972-03,-0.0064073446,109.6000000000
1972-05-16,1972-04,-0.0099683653,110.9000000000
1972-06-14,1972-05,-0.0044903533,111.6000000000
1972-07-17,1972-06,-0.0026654836,112.7000000000
1972-08-15,1972-07,-0.0026443383,113.6000000000
1972-09-18,1972-08,-0.0052631700,114.3000000000
1972-10-17,1972-09,-0.0060949253,115.2000000000
1972-11-15,1972-10,-0.0086059051,116.7000000000
1972-12-15,1972-11,-0.0110310834,118.5000000000
1973-01-15,1972-12,-0.0075726067,119.3000000000
1973-02-16,1973-01,-0.0050209311,119.8000000000
1973-03-16,1973-02,-0.0074782235,120.8000000000
1973-04-16,1973-03,-0.0065952424,121.7000000000
1973-05-15,1973-04,-0.0098040001,123.0000000000
1973-06-15,1973-05,-0.0048740958,123.4000000000
1973-07-16,1973-06,-0.0032336326,123.9000000000
1973-08-16,1973-07,-0.0071514012,126.3000000000
1973-09-14,1973-08,0.0023743581,126.2000000000
1973-10-16,1973-09,-0.0055096558,127.4000000000
1973-11-15,1973-10,-0.0054923637,127.8000000000
1973-12-14,1973-11,-0.0015735644,127.2000000000
1974-01-16,1973-12,0.0055139959,126.6000000000
1974-02-15,1974-01,0.0142182490,125.7000000000
1974-03-15,1974-02,0.0214039087,124.8000000000
1974-04-15,1974-03,0.0286415760,123.9000000000
1974-05-15,1974-04,0.0222055119,124.7000000000
1974-06-14,1974-05,0.0166077364,125.4000000000
1974-07-15,1974-06,0.0158106060,125.5000000000
1974-08-15,1974-07,0.0142182490,125.7000000000
1974-09-13,1974-08,0.0182039059,125.2000000000
1974-10-15,1974-09,0.0158106060,125.5000000000
1974-11-15,1974-10,0.0206029475,124.9000000000
1974-12-13,1974-11,0.0440953199,122.0000000000
1975-01-15,1974-12,0.0670185372,118.3000000000
1975-02-13,1975-01,0.1011299435,113.7000000000
1975-03-14,1975-02,0.1314894180,110.3000000000
1975-04-15,1975-03,0.1378559698,109.6000000000
1975-05-15,1975-04,0.1396824543,109.4000000000
1975-06-16,1975-05,0.1415122810,109.2000000000
1975-07-15,1975-06,0.1342129785,110.0000000000
1975-08-15,1975-07,0.1253754797,110.8000000000
1975-09-15,1975-08,0.1065997829,112.9000000000
1975-10-16,1975-09,0.0777894096,116.2000000000
1975-11-14,1975-10,0.0688211829,116.5000000000
1975-12-15,1975-11,0.0410959296,116.8000000000
1976-01-16,1975-12,-0.0093260532,118.5000000000
1976-02-13,1976-01,-0.0067283685,119.3000000000
1976-03-16,1976-02,-0.0058553074,119.9000000000
1976-04-15,1976-03,-0.0058067355,120.9000000000
1976-05-14,1976-04,-0.0065520300,122.5000000000
1976-06-16,1976-05,-0.0073320084,123.2000000000
1976-07-16,1976-06,-0.0030840425,129.9000000000
1976-08-13,1976-07,-0.0023032640,130.4000000000
1976-09-16,1976-08,-0.0053414854,131.4000000000
1976-10-15,1976-09,0.0000000000,131.3000000000
1976-11-15,1976-10,0.0068781318,130.4000000000
1976-12-15,1976-11,-0.0053171413,132.0000000000
1977-01-17,1976-12,-0.0068001773,132.8000000000
1977-02-15,1977-01,0.0098373854,131.5000000000
1977-03-15,1977-02,-0.0015026299,133.2000000000
1977-04-14,1977-03,-0.0134130178,135.1000000000
1977-05-16,1977-04,-0.0081151312,136.1000000000
1977-06-15,1977-05,-0.0109450199,137.8000000000
1977-07-15,1977-06,-0.0072411613,138.6000000000
1977-08-15,1977-07,-0.0050486945,139.0000000000
1977-09-16,1977-08,0.0050523384,138.2000000000
1977-10-14,1977-09,0.0000000000,138.8000000000
1977-11-15,1977-10,-0.0028797716,139.1000000000
1977-12-14,1977-11,-0.0050233331,139.7000000000
1978-01-17,1977-12,-0.0021513095,139.6000000000
1978-02-15,1978-01,0.0071891036,138.6000000000
1978-03-16,1978-02,0.0028694424,139.2000000000
1978-04-14,1978-03,-0.0092626241,141.0000000000
1978-05-16,1978-04,-0.0105821093,142.5000000000
1978-06-15,1978-05,-0.0055827081,143.7000000000
1978-07-14,1978-06,-0.0034710205,144.3000000000
1978-08-15,1978-07,-0.0048292609,145.3000000000
1978-09-15,1978-08,-0.0047863339,146.6000000000
1978-10-17,1978-09,-0.0054384906,147.5000000000
1978-11-15,1978-10,-0.0047281412,148.4000000000
1978-12-15,1978-11,-0.0067114346,149.5000000000
1979-01-17,1978-12,-0.0060020187,150.4000000000
1979-02-15,1979-01,-0.0013280214,150.7000000000
1979-03-16,1979-02,-0.0026490082,151.2000000000
1979-04-13,1979-03,-0.0079156086,152.2000000000
1979-05-16,1979-04,0.0099174367,150.5000000000
1979-06-15,1979-05,0.0013140606,152.1000000000
1979-07-13,1979-06,0.0059269189,151.4000000000
1979-08-16,1979-07,0.0058997221,152.1000000000
1979-09-14,1979-08,0.0138205556,150.9000000000
1979-10-16,1979-09,0.0045856615,152.3000000000
1979-11-15,1979-10,0.0032733253,152.5000000000
1979-12-14,1979-11,0.0091924482,151.6000000000
1980-01-16,1979-12,0.0052424760,152.2000000000
1980-02-15,1980-01,0.0019627092,152.7000000000
1980-03-14,1980-02,0.0000000000,153.0000000000
1980-04-15,1980-03,0.0118344576,151.2000000000
1980-05-16,1980-04,0.0285449185,148.5000000000
1980-06-13,1980-05,0.0489537901,145.5000000000
1980-07-16,1980-06,0.0789525517,141.2000000000
1980-08-15,1980-07,0.0960958287,138.8000000000
1980-09-16,1980-08,0.0832677235,140.5000000000
1980-10-16,1980-09,0.0698352132,142.4000000000
1980-11-14,1980-10,0.0448685905,146.0000000000
1980-12-16,1980-11,0.0278902540,148.5000000000
1981-01-15,1980-12,0.0131841066,150.7000000000
1981-02-17,1981-01,0.0059113473,151.8000000000
1981-03-17,1981-02,0.0118656633,150.8000000000
1981-04-15,1981-03,0.0026333129,151.7000000000
1981-05-15,1981-04,-0.0039344313,152.8000000000
1981-06-16,1981-05,-0.0032776168,152.8000000000
1981-07-15,1981-06,0.0006546645,152.7000000000
1981-08-14,1981-07,-0.0026109675,153.4000000000
1981-09-16,1981-08,0.0039190122,152.8000000000
1981-10-16,1981-09,0.0111148578,152.1000000000
1981-11-13,1981-10,0.0290066480,149.5000000000
1981-12-16,1981-11,0.0492776124,146.5000000000
1982-01-15,1981-12,0.0713627060,143.3000000000
1982-02-17,1982-01,0.1011099419,139.1000000000
1982-03-16,1982-02,0.0818854267,141.8000000000
1982-04-15,1982-03,0.0861257158,141.2000000000
1982-05-14,1982-04,0.0896730767,140.7000000000
1982-06-15,1982-05,0.0925200537,140.3000000000
1982-07-15,1982-06,0.1061549977,138.4000000000
1982-08-13,1982-07,0.1083249804,138.1000000000
1982-09-15,1982-08,0.1070981356,138.0000000000
1982-10-15,1982-09,0.0990771604,137.3000000000
1982-11-16,1982-10,0.0897588831,136.3000000000
1982-12-15,1982-11,0.0759499325,135.6000000000
1983-01-14,1982-12,0.0625878447,134.7000000000
1983-02-16,1983-01,0.0480206912,136.2000000000
1983-03-15,1983-02,0.0399767722,137.3000000000
1983-04-15,1983-03,0.0185190478,139.1000000000
1983-05-13,1983-04,-0.0169735334,142.6000000000
1983-06-15,1983-05,-0.0111499413,144.3000000000
1983-07-15,1983-06,-0.0110269897,145.9000000000
1983-08-16,1983-07,-0.0176515106,148.6000000000
1983-09-15,1983-08,-0.0086753964,150.5000000000
1983-10-14,1983-09,-0.0150773095,153.7000000000
1983-11-15,1983-10,-0.0077821404,154.8000000000
1983-12-15,1983-11,-0.0077071672,156.3000000000
1984-01-13,1983-12,-0.0051118322,156.9000000000
1984-02-15,1984-01,-0.0108109161,158.1000000000
1984-03-15,1984-02,-0.0119535868,159.9000000000
1984-04-13,1984-03,-0.0043654575,160.7000000000
1984-05-15,1984-04,-0.0135804556,163.1000000000
1984-06-15,1984-05,-0.0042984408,163.2000000000
1984-07-13,1984-06,-0.0049019706,163.6000000000
1984-08-15,1984-07,-0.0090992439,165.6000000000
1984-09-14,1984-08,-0.0024096397,166.2000000000
1984-10-16,1984-09,0.0060386657,165.1000000000
1984-11-15,1984-10,0.0054331555,165.2000000000
1984-12-14,1984-11,0.0060423145,165.0000000000
1985-01-15,1984-12,-0.0012040941,166.2000000000
1985-02-15,1985-01,-0.0036079414,166.6000000000
1985-03-15,1985-02,0.0078621512,164.7000000000
1985-04-16,1985-03,0.0036210058,165.4000000000
1985-05-15,1985-04,0.0036210058,165.4000000000
1985-06-14,1985-05,0.0042257835,165.3000000000
1985-07-18,1985-06,-0.0016064260,124.6000000000
1985-08-15,1985-07,-0.0016025644,124.9000000000
1985-09-13,1985-08,-0.0032102756,124.8000000000
1985-10-16,1985-09,0.0008016032,124.7000000000
1985-11-15,1985-10,0.0008003202,124.9000000000
1985-12-14,1985-11,0.0007990412,125.1000000000
1986-01-16,1985-12,-0.0063694483,126.0000000000
1986-02-14,1986-01,-0.0031620580,126.7000000000
1986-03-14,1986-02,0.0063441926,125.7000000000
1986-04-15,1986-03,0.0119190922,125.1000000000
1986-05-15,1986-04,0.0127086699,125.1000000000
1986-06-16,1986-05,0.0199289178,124.2000000000
1986-07-15,1986-06,0.0207343951,124.1000000000
1986-08-15,1986-07,0.0207343951,124.1000000000
1986-09-16,1986-08,0.0111554942,124.8000000000
1986-10-16,1986-09,0.0071570882,125.3000000000
1986-11-14,1986-10,0.0079554914,125.2000000000
1986-12-15,1986-11,0.0023800091,125.9000000000
1987-01-16,1986-12,-0.0031645596,126.6000000000
1987-02-13,1987-01,-0.0039478930,126.9000000000
1987-03-13,1987-02,-0.0039354636,127.3000000000
1987-04-15,1987-03,0.0031520909,126.7000000000
1987-05-15,1987-04,0.0063141488,126.3000000000
1987-06-16,1987-05,-0.0039200364,127.8000000000
1987-07-15,1987-06,-0.0015612806,128.2000000000
1987-08-14,1987-07,-0.0077339906,129.8000000000
1987-09-15,1987-08,-0.0030651365,130.7000000000
1987-10-16,1987-09,-0.0015255533,131.2000000000
1987-11-16,1987-10,-0.0053292855,131.7000000000
1987-12-14,1987-11,-0.0037807228,132.5000000000
1988-01-15,1987-12,-0.0015015018,133.3000000000
1988-02-17,1988-01,-0.0014958866,133.8000000000
1988-03-16,1988-02,-0.0014892036,134.4000000000
1988-04-15,1988-03,-0.0014869891,134.6000000000
1988-05-16,1988-04,-0.0066592921,135.6000000000
1988-06-15,1988-05,-0.0036832454,136.0000000000
1988-07-15,1988-06,-0.0036670375,136.6000000000
1988-08-15,1988-07,-0.0080204586,137.7000000000
1988-09-14,1988-08,-0.0021731265,138.2000000000
1988-10-14,1988-09,0.0000000000,138.3000000000
1988-11-15,1988-10,-0.0035984206,139.2000000000
1988-12-14,1988-11,-0.0042980009,139.9000000000
1989-01-18,1988-12,-0.0028571448,140.2000000000
1989-02-15,1989-01,-0.0035498795,141.1000000000
1989-03-16,1989-02,0.0000000000,141.1000000000
1989-04-14,1989-03,0.0000000000,141.0000000000
1989-05-15,1989-04,-0.0021284151,141.1000000000
1989-06-15,1989-05,0.0000000000,141.4000000000
1989-07-14,1989-06,0.0035373224,141.1000000000
1989-08-16,1989-07,0.0000000000,141.7000000000
1989-09-15,1989-08,-0.0028129414,142.4000000000
1989-10-17,1989-09,0.0007024939,142.3000000000
1989-11-14,1989-10,0.0070472455,141.4000000000
1989-12-15,1989-11,0.0070422826,141.5000000000
1990-01-17,1989-12,-0.0021030502,142.8000000000
1990-02-16,1990-01,0.0112915808,140.9000000000
1990-03-16,1990-02,0.0049243856,141.8000000000
1990-04-17,1990-03,-0.0018399269,108.8000000000
1990-05-15,1990-04,0.0036730987,108.7000000000
1990-06-15,1990-05,-0.0064014851,109.7000000000
1990-07-17,1990-06,-0.0045641339,109.8000000000
1990-08-15,1990-07,0.0000000000,109.9000000000
1990-09-14,1990-08,0.0018198367,109.8000000000
1990-10-17,1990-09,-0.0027137059,110.7000000000
1990-11-13,1990-10,0.0081781464,109.6000000000
1990-12-14,1990-11,0.0275246734,107.5000000000
1991-01-16,1990-12,0.0321571116,107.1000000000
1991-02-15,1991-01,0.0377751039,106.5000000000
1991-03-15,1991-02,0.0453151962,105.7000000000
1991-04-16,1991-03,0.0491066699,105.3000000000
1991-05-13,1991-04,0.0510078112,105.1000000000
1991-06-14,1991-05,0.0443695697,105.8000000000
1991-07-15,1991-06,0.0340262711,106.9000000000
1991-08-16,1991-07,0.0274994414,107.6000000000
1991-09-17,1991-08,0.0219387227,108.2000000000
1991-10-17,1991-09,0.0228633644,108.1000000000
1991-11-15,1991-10,0.0155894950,108.2000000000
1991-12-16,1991-11,0.0046274955,107.8000000000
1992-01-17,1991-12,0.0055504305,107.8000000000
1992-02-14,1992-01,0.0158069307,106.7000000000
1992-03-17,1992-02,0.0111318404,107.2000000000
1992-04-15,1992-03,0.0111318404,107.2000000000
1992-05-15,1992-04,0.0018467226,108.2000000000
1992-06-16,1992-05,-0.0036832454,108.8000000000
1992-07-15,1992-06,0.0036900411,108.2000000000
1992-08-14,1992-07,0.0000000000,108.9000000000
1992-09-16,1992-08,0.0055096558,108.6000000000
1992-10-16,1992-09,0.0064249877,108.6000000000
1992-11-16,1992-10,0.0036630078,109.0000000000
1992-12-16,1992-11,-0.0027384773,109.7000000000
1993-01-15,1992-12,-0.0036264772,110.5000000000
1993-02-18,1993-01,-0.0045146804,111.0000000000
1993-03-17,1993-02,-0.0044823024,111.8000000000
1993-04-16,1993-03,0.0000000000,112.0000000000
1993-05-14,1993-04,-0.0009095044,110.0000000000
1993-06-16,1993-05,-0.0018132371,110.4000000000
1993-07-16,1993-06,0.0027210901,110.1000000000
1993-08-16,1993-07,-0.0018099552,110.6000000000
1993-09-16,1993-08,-0.0018018023,111.1000000000
1993-10-15,1993-09,-0.0009013070,111.0000000000
1993-11-15,1993-10,-0.0071556656,112.2000000000
1993-12-15,1993-11,-0.0088731727,113.2000000000
1994-01-14,1993-12,-0.0070422826,114.0000000000
1994-02-15,1994-01,-0.0043802085,114.4000000000
1994-03-15,1994-02,-0.0043535114,115.1000000000
1994-04-15,1994-03,-0.0052038279,115.6000000000
1994-05-16,1994-04,-0.0025895569,116.0000000000
1994-06-15,1994-05,-0.0017241384,116.1000000000
1994-07-15,1994-06,-0.0042900109,116.8000000000
1994-08-15,1994-07,-0.0025630087,117.2000000000
1994-09-16,1994-08,-0.0067739463,118.5000000000
1994-10-14,1994-09,0.0000000000,118.7000000000
1994-11-15,1994-10,-0.0058602093,119.8000000000
1994-12-14,1994-11,-0.0050041806,120.2000000000
1995-01-17,1994-12,-0.0091022556,121.4000000000
1995-02-15,1995-01,-0.0041101579,121.9000000000
1995-03-15,1995-02,-0.0049059788,122.6000000000
1995-04-14,1995-03,0.0032760062,121.9000000000
1995-05-16,1995-04,0.0074043942,121.1000000000
1995-06-15,1995-05,0.0098766235,120.9000000000
1995-07-14,1995-06,0.0090498355,121.0000000000
1995-08-15,1995-07,0.0065735652,121.3000000000
1995-09-15,1995-08,-0.0073439743,123.0000000000
1995-10-17,1995-09,0.0024439931,122.6000000000
1995-11-15,1995-10,0.0040733254,122.5000000000
1995-12-14,1995-11,0.0008140009,122.8000000000
1996-01-24,1995-12,0.0000000000,122.8000000000
1996-02-16,1996-01,0.0073559792,121.9000000000
1996-03-15,1996-02,-0.0073022637,123.7000000000
1996-04-16,1996-03,0.0048465361,123.5000000000
1996-05-15,1996-04,-0.0048309273,124.5000000000
1996-06-14,1996-05,-0.0072086816,125.3000000000
1996-07-16,1996-06,-0.0047846981,125.7000000000
1996-08-15,1996-07,-0.0015860432,126.2000000000
1996-09-17,1996-08,-0.0047393454,126.9000000000
1996-10-17,1996-09,-0.0023631362,127.1000000000
1996-11-15,1996-10,0.0047281412,126.6000000000
1996-12-16,1996-11,-0.0070560857,128.0000000000
1997-01-17,1996-12,-0.0077760889,129.1000000000
1997-01-27,1996-12,-0.0064975714,117.6560000000
1997-02-14,1997-01,-0.0001614555,117.6890000000
1997-03-14,1997-02,-0.0034088340,118.1300000000
1997-04-16,1997-03,-0.0087934620,119.5900000000
1997-05-15,1997-04,0.0004117007,118.9940000000
1997-06-17,1997-05,-0.0041174707,119.7370000000
1997-07-16,1997-06,-0.0028986133,119.8860000000
1997-08-14,1997-07,-0.0016372495,119.8110000000
1997-09-16,1997-08,-0.0073217974,121.3150000000
1997-10-17,1997-09,-0.0070599236,122.3870000000
1997-11-17,1997-10,-0.0048858302,122.6940000000
1997-12-09,1997-10,-0.0037518734,126.3070000000
1997-12-15,1997-11,-0.0075365555,127.3270000000
1998-01-16,1997-12,-0.0048347066,128.1350000000
1998-02-17,1998-01,-0.0002267210,127.9250000000
1998-03-17,1998-02,-0.0004372438,128.1030000000
1998-04-17,1998-03,0.0014946575,127.6930000000
1998-05-15,1998-04,0.0005944652,127.8080000000
1998-06-16,1998-05,-0.0047486427,128.7630000000
1998-07-16,1998-06,0.0061960189,128.0720000000
1998-08-14,1998-07,0.0168695566,126.7880000000
1998-09-16,1998-08,-0.0019228986,129.0960000000
1998-10-16,1998-09,0.0028562134,128.6580000000
1998-11-16,1998-10,0.0060461180,128.2890000000
1998-11-24,1998-10,0.0036210970,132.0410000000
1998-12-16,1998-11,0.0042092893,131.8110000000
1999-01-15,1998-12,-0.0015527134,132.7740000000
1999-02-17,1999-01,0.0002263792,132.5060000000
1999-03-16,1999-02,-0.0015472811,132.5930000000
1999-04-16,1999-03,-0.0010928345,132.7550000000
1999-05-14,1999-04,-0.0058544056,133.9660000000
1999-06-16,1999-05,-0.0020673578,134.1260000000
1999-07-16,1999-06,-0.0015214573,134.1840000000
1999-08-17,1999-07,-0.0070541529,135.1480000000
1999-09-16,1999-08,-0.0031532373,135.6300000000
1999-10-15,1999-09,0.0032455439,135.0430000000
1999-11-16,1999-10,-0.0058717739,136.1330000000
1999-11-30,1999-10,-0.0062213893,138.5020000000
1999-12-15,1999-11,-0.0029856339,139.5420000000
2000-01-14,1999-12,-0.0040439829,140.4920000000
2000-02-15,2000-01,-0.0097301904,141.4850000000
2000-03-15,2000-02,-0.0028123267,142.0750000000
2000-04-14,2000-03,-0.0027499277,142.0170000000
2000-05-15,2000-04,-0.0089133069,143.6830000000
2000-06-15,2000-05,-0.0037737861,144.1590000000
2000-07-14,2000-06,-0.0020560257,144.6020000000
2000-08-15,2000-07,-0.0037021631,145.3190000000
2000-09-15,2000-08,-0.0032589892,145.6810000000
2000-10-17,2000-09,-0.0024145323,145.9600000000
2000-11-15,2000-10,0.0011885004,146.3160000000
2000-12-05,2000-10,0.0009873227,148.8140000000
2000-12-15,2000-11,0.0036473960,148.6020000000
2001-01-17,2000-12,0.0112530256,147.3060000000
2001-02-16,2001-01,0.0133529031,146.9970000000
2001-03-16,2001-02,0.0201516105,146.0010000000
2001-04-17,2001-03,0.0169717619,146.4660000000
2001-05-14,2001-04,0.0279559043,144.8660000000
2001-06-15,2001-05,0.0400816423,143.1200000000
2001-07-17,2001-06,0.0444160642,142.5010000000
2001-08-15,2001-07,0.0419769532,142.8490000000
2001-09-14,2001-08,0.0514724316,141.4990000000
2001-10-16,2001-09,0.0599820944,140.3000000000
2001-11-16,2001-10,0.0649816885,139.3070000000
2001-11-27,2001-10,0.0662418931,136.8910000000
2001-12-14,2001-11,0.0611653609,137.1390000000
2002-01-16,2001-12,0.0596049710,136.7370000000
2002-02-15,2002-01,0.0528983871,136.5180000000
2002-03-15,2002-02,0.0417997630,137.6340000000
2002-04-16,2002-03,0.0289828039,138.8450000000
2002-05-15,2002-04,0.0203166777,139.1510000000
2002-06-14,2002-05,0.0160969414,139.3340000000
2002-07-16,2002-06,-0.0011958488,140.5700000000
2002-08-15,2002-07,-0.0017358522,140.6870000000
2002-09-17,2002-08,0.0025440424,140.5420000000
2002-10-17,2002-09,0.0040134878,140.4930000000
2002-11-15,2002-10,0.0123220960,139.2930000000
2002-12-05,2002-10,0.0101701136,110.4480000000
2002-12-17,2002-11,0.0070242629,110.7960000000
2003-01-17,2002-12,0.0087767634,110.6020000000
2003-02-14,2003-01,0.0040232468,111.1290000000
2003-03-14,2003-02,0.0042122343,111.1080000000
2003-04-15,2003-03,0.0129626517,110.1400000000
2003-05-15,2003-04,0.0173667426,109.6560000000
2003-06-17,2003-05,0.0180326825,109.5830000000
2003-07-16,2003-06,0.0171661353,109.6780000000
2003-08-15,2003-07,0.0138982626,110.0370000000
2003-09-15,2003-08,0.0098593238,110.2130000000
2003-10-16,2003-09,0.0057698362,110.6020000000
2003-11-10,2003-09,0.0023957480,111.3140000000
2003-11-14,2003-10,-0.0015223974,111.7510000000
2003-12-16,2003-11,-0.0089110821,112.9460000000
2004-01-16,2003-12,-0.0007954606,113.1870000000
2004-02-17,2004-01,-0.0078075428,113.7950000000
2004-03-15,2004-02,-0.0072959460,114.5900000000
2004-04-16,2004-03,0.0023025609,114.5230000000
2004-05-14,2004-04,-0.0069115384,115.4230000000
2004-06-16,2004-05,-0.0108152845,116.9470000000
2004-07-15,2004-06,0.0029562937,116.1900000000
2004-08-17,2004-07,0.0006623571,116.2130000000
2004-09-15,2004-08,-0.0011754462,116.6200000000
2004-10-15,2004-09,-0.0000171431,116.6660000000
2004-11-17,2004-10,-0.0071347188,117.5920000000
2004-12-14,2004-11,-0.0025201798,117.6000000000
2004-12-22,2004-11,-0.0018485559,116.9560000000
2005-01-14,2004-12,-0.0083616162,117.8130000000
2005-02-16,2005-01,-0.0003655048,117.6670000000
2005-03-16,2005-02,-0.0034012487,118.3930000000
2005-04-15,2005-03,-0.0029657441,118.5270000000
2005-05-17,2005-04,0.0019426994,118.2770000000
2005-06-15,2005-05,-0.0011300961,118.6410000000
2005-07-15,2005-06,-0.0086114814,119.6570000000
2005-08-16,2005-07,-0.0005359595,119.4440000000
2005-09-14,2005-08,-0.0014382235,119.6780000000
2005-10-14,2005-09,0.0134246020,118.0160000000
2005-11-07,2005-09,0.0148350039,107.0550000000
2005-11-17,2005-10,0.0054819478,107.8770000000
2005-12-15,2005-11,-0.0034291474,108.9600000000
2006-01-17,2005-12,-0.0061503226,109.7620000000
2006-02-15,2006-01,0.0024455648,110.2690000000
2006-03-17,2006-02,-0.0038856758,110.8780000000
2006-04-14,2006-03,-0.0057797035,111.2088000000
2006-05-16,2006-04,-0.0076425428,112.2624000000
2006-06-15,2006-05,0.0008274965,112.0991000000
2006-07-17,2006-06,-0.0078756729,113.2096000000
2006-08-16,2006-07,-0.0037169548,113.5293000000
2006-09-15,2006-08,0.0014403950,113.7063000000
2006-10-17,2006-09,0.0059873294,113.1336000000
2006-11-16,2006-10,0.0033175159,113.6615000000
2006-12-11,2006-10,0.0026946643,112.2930000000
2006-12-15,2006-11,0.0017621150,112.3227000000
2007-01-17,2006-12,0.0006961136,112.4425000000
2007-02-15,2007-01,0.0052804992,111.9282000000
2007-03-16,2007-02,-0.0055170634,113.1433000000
2007-04-17,2007-03,0.0015847104,112.4866000000
2007-05-16,2007-04,-0.0042262181,113.0344000000
2007-06-15,2007-05,0.0003717510,112.6889000000
2007-07-17,2007-06,-0.0041932933,113.3704000000
2007-08-15,2007-07,-0.0034187887,113.8604000000
2007-09-14,2007-08,-0.0022248819,114.4254000000
2007-10-16,2007-09,-0.0005668072,114.3570000000
2007-11-16,2007-10,0.0050654108,113.9957000000
2007-12-14,2007-11,0.0043705203,113.9019000000
2008-01-16,2007-12,0.0023829306,113.9673000000
2008-02-15,2008-01,0.0000507720,114.2334000000
2008-03-17,2008-02,0.0053936773,113.6597000000
2008-03-28,2008-02,0.0053371768,111.9137000000
2008-04-16,2008-03,0.0040976113,112.1281000000
2008-05-15,2008-04,0.0126600430,111.1807000000
2008-06-17,2008-05,0.0144241081,110.9051000000
2008-07-16,2008-06,0.0075374138,111.7251000000
2008-08-15,2008-07,0.0064925368,111.8419000000
2008-09-15,2008-08,0.0203440529,110.3034000000
2008-10-16,2008-09,0.0483789506,107.2540000000
2008-11-17,2008-10,0.0480862304,107.2854000000
2008-12-15,2008-11,0.0590337177,106.1173000000
2009-01-16,2008-12,0.0830742930,103.5966000000
2009-02-18,2009-01,0.1051272074,101.3370000000
2009-03-16,2009-02,0.1183566437,99.7298000000
2009-03-27,2009-02,0.1259424297,98.7849000000
2009-04-15,2009-03,0.1367898610,97.3755000000
2009-05-15,2009-04,0.1340849504,97.0723000000
2009-06-16,2009-05,0.1439790037,95.8402000000
2009-07-15,2009-06,0.1465166556,95.3964000000
2009-08-14,2009-07,0.1398476984,95.9709000000
2009-09-16,2009-08,0.1135278312,97.4422000000
2009-10-16,2009-09,0.0752991629,98.4622000000
2009-11-17,2009-10,0.0736258093,98.6271000000
2009-12-15,2009-11,0.0521262656,99.4398000000
2010-01-15,2009-12,0.0203362919,100.3043000000
2010-02-17,2010-01,-0.0092997661,101.0516000000
2010-03-15,2010-02,-0.0007667352,100.9862000000
2010-04-15,2010-03,-0.0009412952,101.6100000000
2010-05-14,2010-04,-0.0079352523,102.2666000000
2010-06-16,2010-05,-0.0123330762,103.5380000000
2010-06-25,2010-05,-0.0130830710,92.5537000000
2010-07-15,2010-06,-0.0007351240,92.5354000000
2010-08-17,2010-07,-0.0092880940,93.4009000000
2010-09-15,2010-08,-0.0015761917,93.2093000000
2010-10-18,2010-09,0.0022273658,93.1902000000
2010-11-16,2010-10,0.0014843014,93.3753000000
2010-12-15,2010-11,-0.0021909878,93.8961000000
2011-01-14,2010-12,-0.0083817482,94.8756000000
2011-02-16,2011-01,0.0005652917,95.1452000000
2011-03-17,2011-02,0.0008113166,95.4850000000
2011-03-25,2011-02,-0.0000010750,93.0238000000
2011-04-15,2011-03,-0.0079662207,93.5904000000
2011-05-17,2011-04,0.0001224454,93.0970000000
2011-06-15,2011-05,-0.0007337484,92.9815000000
2011-07-15,2011-06,0.0002610597,93.0700000000
2011-08-16,2011-07,-0.0090153176,94.1525000000
2011-09-15,2011-08,-0.0018274507,94.0419000000
2011-10-17,2011-09,-0.0018597717,94.1851000000
2011-11-16,2011-10,-0.0061967313,94.7136000000
2011-12-15,2011-11,0.0022363279,94.8263000000
2012-01-18,2011-12,-0.0015301627,95.2915000000
2012-02-15,2012-01,-0.0002857390,95.9054000000
2012-03-16,2012-02,-0.0002079791,96.1735000000
2012-03-30,2012-02,-0.0003492989,96.2095000000
2012-04-17,2012-03,0.0000476334,96.5685000000
2012-05-16,2012-04,-0.0052512415,97.4133000000
2012-06-15,2012-05,0.0009431714,97.2853000000
2012-07-17,2012-06,-0.0019252883,97.4298000000
2012-08-15,2012-07,-0.0064436173,98.0398000000
2012-09-14,2012-08,0.0117056235,96.8202000000
2012-10-16,2012-09,0.0098520843,97.0328000000
2012-11-16,2012-10,0.0137085778,96.5879000000
2012-12-14,2012-11,0.0042224771,97.5090000000
2013-01-16,2012-12,-0.0016579649,98.0930000000
2013-02-15,2013-01,0.0009881429,98.6212000000
2013-03-15,2013-02,-0.0071129235,99.4965000000
2013-03-22,2013-02,-0.0075035011,99.0446000000
2013-04-16,2013-03,-0.0040634739,99.4765000000
2013-05-15,2013-04,0.0053611254,98.7439000000
2013-06-14,2013-05,0.0039195051,98.6709000000
2013-07-16,2013-06,0.0003694238,99.0549000000
2013-08-15,2013-07,0.0009909567,98.9462000000
2013-09-16,2013-08,-0.0027665630,99.3579000000
2013-10-28,2013-09,-0.0056997175,100.0439000000
2013-11-15,2013-10,0.0014043255,99.9778000000
2013-12-16,2013-11,-0.0112156239,101.2825000000
2014-01-17,2013-12,-0.0030686886,101.7629000000
2014-02-14,2014-01,0.0032976961,101.0251000000
2014-03-17,2014-02,-0.0039634625,101.6276000000
2014-04-16,2014-03,-0.0073196229,103.2374000000
2014-05-15,2014-04,0.0057134500,102.7435000000
2014-06-16,2014-05,-0.0033444346,103.6585000000
2014-07-16,2014-06,-0.0021878274,103.9152000000
2014-08-15,2014-07,-0.0043749923,104.3882000000
2014-09-15,2014-08,0.0009897593,104.1152000000
2014-10-16,2014-09,-0.0084219314,105.0728000000
2014-11-17,2014-10,0.0010523106,104.8568000000
2014-12-15,2014-11,-0.0125173453,106.6617000000
2015-01-16,2014-12,0.0011044359,106.5114000000
2015-02-18,2015-01,0.0013241339,106.1878000000
2015-03-16,2015-02,0.0048472726,105.8028000000
2015-04-15,2015-03,0.0103298548,105.2161000000
2015-05-15,2015-04,0.0103692757,105.1786000000
2015-06-15,2015-05,0.0112775539,105.1018000000
2015-07-15,2015-06,0.0055405724,105.7065000000
2015-07-21,2015-06,0.0074616869,107.1086000000
2015-08-14,2015-07,0.0040280887,107.4770000000
2015-09-15,2015-08,0.0077352785,107.0793000000
2015-10-16,2015-09,0.0076194831,107.0917000000
2015-11-17,2015-10,0.0064939791,107.2123000000
2015-12-16,2015-11,0.0128417156,106.5339000000
2016-01-15,2015-12,0.0176564538,106.0222000000
2016-02-17,2016-01,0.0070189798,106.8477000000
2016-03-16,2016-02,0.0109417773,106.3275000000
2016-04-01,2016-02,0.0158853578,104.1893000000
2016-04-15,2016-03,0.0210809983,103.3759000000
2016-05-17,2016-04,0.0136494950,104.1470000000
2016-06-15,2016-05,0.0193721959,103.5527000000
2016-07-15,2016-06,0.0137724058,104.1342000000
2016-08-16,2016-07,0.0063109376,104.9141000000
2016-09-15,2016-08,0.0112078567,104.4016000000
2016-10-17,2016-09,0.0103201745,104.2260000000
2016-11-16,2016-10,0.0085583733,104.2687000000
2016-12-14,2016-11,0.0066273963,103.8589000000
2017-01-18,2016-12,-0.0002075356,104.5712000000
2017-02-15,2017-01,0.0025094068,104.5548000000
2017-03-17,2017-02,0.0005917889,104.7361000000
2017-03-31,2017-02,0.0002332636,103.7332000000
2017-04-18,2017-03,-0.0031663971,104.0998000000
2017-05-16,2017-04,-0.0097751723,105.1241000000
2017-06-15,2017-05,0.0000428446,105.0284000000
2017-07-14,2017-06,-0.0038596641,105.1600000000
2017-08-17,2017-07,-0.0019131697,105.4757000000
2017-09-15,2017-08,0.0090254933,104.7390000000
2017-10-17,2017-09,0.0058146679,104.6367000000
2017-11-16,2017-10,-0.0086489450,106.1469000000
2017-12-15,2017-11,-0.0023703573,106.3969000000
2018-01-17,2017-12,-0.0076869384,107.4637000000
2018-02-15,2018-01,0.0005183130,107.2433000000
2018-03-16,2018-02,-0.0080037500,108.2189000000
2018-03-23,2018-02,-0.0074399952,106.5109000000
2018-04-17,2018-03,-0.0051350985,107.1665000000
2018-05-16,2018-04,-0.0071678794,107.3051000000
2018-06-15,2018-05,0.0009231474,107.3006000000
2018-07-17,2018-06,-0.0011797438,107.7140000000
2018-08-15,2018-07,-0.0011219369,107.9989000000
2018-09-14,2018-08,-0.0041126032,108.2317000000
2018-10-16,2018-09,-0.0025215620,108.4822000000
2018-11-16,2018-10,-0.0010347770,109.0654000000
2018-12-14,2018-11,-0.0044626919,109.3931000000
2019-01-18,2018-12,-0.0034657943,109.9487000000
2019-02-15,2019-01,0.0058115942,109.4447000000
2019-03-15,2019-02,0.0025226253,109.6678000000
2019-03-27,2019-02,0.0009355206,110.4750000000
2019-04-16,2019-03,0.0033187053,110.2214000000
2019-05-15,2019-04,0.0125258874,109.1818000000
2019-06-14,2019-05,0.0089689634,109.5645000000
2019-07-16,2019-06,0.0086769406,109.5965000000
2019-08-15,2019-07,0.0125247852,109.1756000000
2019-09-17,2019-08,0.0057240933,109.9206000000
2019-10-17,2019-09,0.0093989395,109.5174000000
2019-11-15,2019-10,0.0171537303,108.6714000000
2019-12-17,2019-11,0.0079426977,109.6770000000
2020-01-17,2019-12,0.0101698904,109.4330000000
2020-02-14,2020-01,0.0083521861,109.2026000000
2020-03-17,2020-02,0.0038473932,109.6035000000
2020-04-15,2020-03,0.0598074482,103.6635000000
2020-05-15,2020-04,0.1726313660,92.5919000000
2020-06-16,2020-05,0.1730807504,92.5503000000
2020-07-15,2020-06,0.1214043324,97.4587000000
2020-08-14,2020-07,0.0939992295,100.1665000000
2020-09-15,2020-08,0.0821495620,101.3605000000
2020-10-16,2020-09,0.0807200467,101.5055000000
2020-11-17,2020-10,0.0641118536,103.2054000000
2020-12-15,2020-11,0.0566171470,103.9818000000
2021-01-15,2020-12,0.0364823901,105.7244000000
2021-02-17,2021-01,0.0195155050,107.1843000000
2021-03-16,2021-02,0.0434189943,104.6526000000
2021-04-15,2021-03,0.0122589234,105.5830000000
2021-05-14,2021-04,0.0049588685,106.3127000000
2021-05-28,2021-04,0.0030928104,99.0122000000
2021-06-15,2021-05,-0.0053398902,99.8562000000
2021-07-15,2021-06,-0.0044205616,100.0951000000
2021-08-17,2021-07,-0.0092390263,101.1148000000
2021-09-15,2021-08,-0.0040190939,101.5949000000
2021-10-18,2021-09,0.0138343825,100.0178000000
2021-11-16,2021-10,-0.0034237915,101.6110000000
2021-12-16,2021-11,-0.0051380634,102.2852000000
2022-01-14,2021-12,0.0010240837,101.8926000000
2022-02-16,2022-01,-0.0129943715,103.4677000000
2022-03-17,2022-02,-0.0053259375,103.5811000000
2022-04-15,2022-03,-0.0091365801,104.5853000000
2022-05-17,2022-04,-0.0106936090,105.5973000000
2022-06-17,2022-05,-0.0024683504,105.7475000000
2022-06-28,2022-05,-0.0009834442,105.1924000000
2022-07-15,2022-06,0.0019919820,104.3648000000
2022-08-16,2022-07,-0.0048328794,104.8075000000
2022-09-15,2022-08,0.0016486253,104.5464000000
2022-10-18,2022-09,-0.0030814846,105.1762000000
2022-11-16,2022-10,0.0011036096,104.6894000000
2022-12-15,2022-11,0.0028223344,104.5175000000
2023-01-18,2022-12,0.0134063653,103.4332000000
2023-02-15,2023-01,0.0158060427,102.9525000000
2023-03-17,2023-02,0.0182635097,102.6460000000
2023-03-28,2023-02,0.0148329771,102.0040000000
2023-04-14,2023-03,0.0048655630,103.0258000000
2023-05-16,2023-04,0.0047296839,103.0398000000
2023-06-15,2023-05,0.0050121390,103.0107000000
2023-07-18,2023-06,0.0124555067,102.2468000000
2023-08-16,2023-07,0.0061291515,102.8957000000
2023-09-15,2023-08,0.0003835436,103.4886000000
2023-10-17,2023-09,-0.0008033222,103.6115000000
2023-11-16,2023-10,0.0068242231,102.7081000000
2023-12-15,2023-11,0.0065271284,102.6651000000
2024-01-17,2023-12,0.0082655780,102.4840000000
2024-02-15,2024-01,0.0061783576,102.5739000000
2024-03-15,2024-02,0.0093966174,102.3313000000
2024-04-16,2024-03,0.0062120536,102.6577000000
2024-05-16,2024-04,0.0051936522,102.7623000000
2024-06-18,2024-05,-0.0003000593,103.3284000000
2024-06-28,2024-05,0.0018534591,103.1168000000
2024-07-17,2024-06,-0.0064238366,103.9941000000
2024-08-15,2024-07,0.0064009721,102.8887000000
2024-09-17,2024-08,0.0016391620,103.1389000000
2024-10-17,2024-09,0.0064705283,102.6418000000
2024-11-15,2024-10,0.0096937234,102.2805000000
2024-12-17,2024-11,0.0125849855,101.9621000000
2025-01-17,2024-12,0.0005735112,103.1942000000
2025-02-14,2025-01,-0.0024917262,103.5110000000
2025-03-18,2025-02,-0.0074282324,104.2062000000
2025-04-16,2025-03,0.0031810219,103.8892000000
2025-05-15,2025-04,0.0025871420,103.8799000000
2025-06-17,2025-05,0.0039066482,103.5948000000
2025-07-16,2025-06,-0.0006482427,104.0071000000
2025-08-15,2025-07,0.0012205648,103.9867000000
2025-09-16,2025-08,0.0027982287,103.9203000000
2025-11-24,2025-08,0.0029048204,101.2704000000
2025-12-03,2025-09,0.0016067473,101.4279000000
2025-12-23,2025-11,0.0007885410,101.7935000000
2026-01-16,2025-12,-0.0036440613,102.3250000000
2026-02-18,2026-01,-0.0043792717,102.3412000000
2026-03-16,2026-02,-0.0015096567,102.5510000000
2026-04-16,2026-03,0.0054297854,101.7898000000
2026-05-15,2026-04,-0.0038651603,102.4963000000
2026-06-15,2026-05,-0.0013501890,102.6475000000
2026-07-17,2026-06,-0.0007690055,102.6395000000
2026-08-18,2026-07,-0.0020128231,102.9939000000
2026-09-18,2026-08,-0.0002212372,103.0682000000
